,id,context,question,answers
0,YJ95VF1770,"Aplicatii & notificari (disponibil cand telefonul este in apropiere);
Stocare si redare muzica;Ecran always-on (necesita o incarcare mai frecventa a bateriei);Autonomie baterie +5 zile (autonomnia bateriei variaza in functie de folosire si alti factori);Plata cu ceasul Fitbit Pay.",Ce tip de ecran conduce la o încărcare mai rară a dispozitivului?,"{'text': ['Ecran always-o', 'Ecran always-on'], 'answer_start': [96, 95]}"
1,YL83VU1211,"Utilizati senzorul Pulse Ox pentru a verifica saturatia de oxigen din sange in orice moment din zi, sau pentru o parte din noapte, in timpul somnului, pentru a arata cat de bine absoarbe corpul dvs. oxigen.
",Ce senzor este utilizat pentru observarea temperaturii corpului?,"{'text': ['senzorul Pulse Ox ', 'Pulse Ox'], 'answer_start': [11, 19]}"
2,DA68SX6997,"Poate fi scufundat pana la 50 de metri, de asemenea Amazfit GTR suporta diferite stiluri de inot.	Amazfit GTR accepta 12 moduri de exercitiu mainstream. Acestea sunt alergari in aer liber, mers, ciclism in aer liber, ciclism in interior, banda de alergare, antrenor eliptic, urcare, trasee, inot in piscina, inot in apa deschisa, schi, exercitii fizice.",Câte moduri de exerciții profesioniste oferă dispozitivul?,"{'text': ['12 moduri de exercitiu mainstream', 'Amazfit GTR accepta 12 moduri de exercitiu mainstream'], 'answer_start': [119, 98]}"
3,TP61GG6784,"Combina frigoriﬁca independenta poate ﬁ acum incorporata in mobila de bucatarie. Sistemul de deschidere a usii la 90º permite integrarea perfecta a combinei frigoriﬁce in bucataria ta, fara a iesi din linia mobilierului.Incastrarea  condensatorului in peretii laterali permite eﬁcientizarea spatiului in bucataria ta.	",Ce sistem de închidere a ușilor are dispzoitivul?,"{'text': ['la 90º ', 'Sistemul de deschidere a usii la 90º'], 'answer_start': [112, 81]}"
4,ZJ97KL5342,"Frigiderele de sine statatoare de la Miele cu tehnologia Click2open au un mecanism de deschidere deosebit de usor si elegant. Actiunea de deschidere asistata permite mai usor contracararea efectului de vid din frigider, ceea ce permite deschiderea mai usoara a aparatului. Mecanismul Click2open dispare in peretele lateral al usii, oferind mai mult spatiu pentru noul design exterior.	",Ce mecanism face mai ușoară închiderea ușilor?,"{'text': ['Click2open', 'Mecanismul Click2open'], 'answer_start': [58, 273]}"
5,AF88XY3440,Sertarul Crispzone.Sertar mare pentru fructe si legume.Sertarul spatios CrispZone este proiectat pentru a pastra nutrientii si pentru a prelungi prospetimea alimentelor. Datorita temperaturii scazute produsele alimentare isi pastreaza calitatile pentru mai mult timp.,Care este denumirea sertarului care permite scăderea temperaturii pînă la 2 grade?,"{'text': ['Sertarul Crispzone', 'CrispZone'], 'answer_start': [1, 72]}"
6,PE47WS5286,DoorCooling+™.Racire cu pana la 32%* mai rapida si mai uniforma.Aerisirile din partea frontala a frigiderului mentin temperatura pentru a pastra alimentele proaspete.,Care este rolul aerisirilor din partea laterală?,"{'text': ['mentin temperatura pentru a pastra alimentele proaspete', 'Aerisirile din partea frontala'], 'answer_start': [111, 64]}"
7,GZ22OI3120,"WiFi: Control de la distanta, prin WiFi, cu ajutorul aplicatiei specifice si telefonului mobil inteligent.-15°C Racire: Functionare in modul de racire pana la temperatura exterioara de -15oC.-15°C Incalzire: Functionare in modul de incalzire pana la temperatura exterioara de -15oC",Care este temperatura maximă exterioară la care dispozitivul funcționează în modul răcire?,"{'text': ['-15oC', '-15°C'], 'answer_start': [186, 106]}"
8,ES30DU9549,"Functia PacePro, prima de acest fel, va ajuta sa va mentineti ritmul prin indicatii in functie de gradient in timp ce alergati pe un anumit traseu.Vizualizati in ce mod afecteaza diversele setari si senzorii ceasului durata de viata a bateriei ceasului, astfel incat sa puteti efectua din mers modificari destinate prelungirii duratei de viata a bateriei.

",Care este succesorul prmei funcții de menținere a ritmului în funcție de gradient?,"{'text': ['PacePro', 'Functia PacePro'], 'answer_start': [9, 0]}"
9,HL57XJ9615,"Aplicatia de fitness din ceas va permite sa urmariti in orice moment progresul dvs. catre obiectivele dvs. Aplicatia de fitness este accesibila de pe ecranul de pornire al ceasului dvs. si ofera o gazda o activitate urmarita. Alergarea, mersul cu bicicleta, mersul pe jos, inotul, inclusiv sporturile preferate, cum ar fi fotbalul, baschetul, voleiul si antrenamentul imens popular care cuprinde globul.",De unde este accesibilă aplicația meteo?,"{'text': ['de pe ecranul de pornire al ceasului', 'Aplicatia de fitness este accesibila de pe ecranul de pornire al ceasului'], 'answer_start': [145, 107]}"
10,YI62YS2447,"Viteza TURBO: Setare rapida a vitezei maxime a ventilatorului unitatii interioare, in modul racire sau incalzire.8°C incalzire: Activare automata a modului de incalzire cand temperatura ambientala interioara atinge 8oC, pentru mentinerea acestei temperaturi",Care este temperatura la care modul de încălzire este oprit?,"{'text': ['8oC', '8°C'], 'answer_start': [216, 113]}"
11,AU44CH8392,"Gratie tehnologiei Flex incorporate in tel si formei speciale, cu Wizzo poti bate albusuri foarte pufoase si aerate, chiar pornind de la 1 ou.Datorita miscarii planetare, accesoriile pentru patiserie si telul acopera toata suprafata bolului pentru rezultate de mixare omogene.	",Care este numărul maxim de albușuri care pot fi bătute?,"{'text': ['1', '1 ou'], 'answer_start': [138, 137]}"
12,KL39NO8869,"Esti pasionat de moda, atunci stii ca trebuie sa ai neaparat in garderoba ta cel putin o tinuta de culoarea neagra. Programul Darkcare este special conceput pentru obiectele de imbracaminte de culoare inchisa, sintetice sau din bumbac. Acesta previne decolorarea si pastreaza intensitatea culorilor hainelor, ca noi.
",Care este programul recomandat pentru spălarea hainelor deschise la culoare?,"{'text': ['Darkcare', 'Programul Darkcare'], 'answer_start': [127, 116]}"
13,WI21CF6817,"In functie de gradul de murdarire si tipul tesaturii cele 9 programe scurte iti permit sa economisesti energie si timp. Masina de spalat Candy Rapido are cele mai multe programe rapide din toata gama de masini de spalat de pe piata.
",Care este mașina cu cele mai puține programe scurte?,"{'text': ['Masina de spalat Candy Rapido', 'Candy Rapido are cele mai multe programe rapide'], 'answer_start': [121, 137]}"
14,KO16IS1379,"Puteti selecta numarul de rotatii, care reprezinta viteza maxima de stoarcere, pana la 1400 de rotatii pe minut. Alegeti numarul de rotatii potrivit tipului de haine folosit si programului. preferat.",Care este numărul minim de rotații pe minut?,"{'text': ['1400', '1400 de rotatii pe minut'], 'answer_start': [88, 87]}"
15,PU89DA9092,"Optiunea Steam Hygiene.Sustinut de Allergy UK, aceasta optiune va mentine rufele proaspete si perfect curate. Aburul este injectat direct in tambur, la sfarsitul ciclului de spalare, eliminand pana la 99,9% din bacteriile cele mai comune, fiind perfect pentru asternuturi si prosoape.
","Care este opțiune care contribuie la eliminarea a 99,9% din bacteriile mai puțin comune?","{'text': ['Steam Hygiene', 'Optiunea Steam Hygiene'], 'answer_start': [10, 0]}"
16,KZ74WA3097,"Silent Tech.Tehnologia Silent-Tech asigura o spalare mult mai silentioasa datorita motorului ProSmart Inverter si a peretilor laterali care sunt proiectati astfel incat zgomotul sa fie redus. Functionare silentioasa, pentru confort deplin!",Care este tehnologia concepută pentru reducerea volumului de vibrații?,"{'text': ['Silent Tech', 'Tehnologia Silent-Tech'], 'answer_start': [1, 12]}"
17,CK43KR5415,"Acum cu functia speciala Beko Add Garment puteti adauga orice articol de care ati uitat in primele minute ale ciclului de spalare selectat. Daca nivelul apei nu atinge rama inferioara a usii poti sa selectezi butonul pauza, sa adaugi articolele de imbracaminte uitate si sa apesi butonul add garment pentru continuarea ciclului de spalare.
",Ce buton trebuie acționat daca se dorește adăugarea unui articol atunci când procesul de spălare a început și nivelul de apă a atins rama inferioară?,"{'text': ['butonul pauza', 'butonul add garment'], 'answer_start': [210, 280]}"
18,CT25EU3739,"Pentru a va asigura ca veti avea intotdeauna cea mai buna spalare posibila, este foarte important ca masina de spalat sa fie curata in interior. Programul Eco Dum Clean indeparteaza murdaria din tambur si 99,9% dintre bacteriile care cauzeaza mirosuri neplacute, fara sa utilizati detergenti abrazivi sau scumpi. In plus, te anunta cand e necesara curatarea.
",Care este programul care îndepărtează condensul format la nivelul tamburului?,"{'text': ['Eco Dum Clean', 'Programul Eco Dum Clean'], 'answer_start': [156, 145]}"
19,ZC42RR1471,"Acum poti descarca mult mai simplu programele pe care ti le doresti, cu ajutorul programului de download, direct de pe interfata electrocasnicelor tale dotate cu HomeWhiz. Ai posibilitatea sa selectezi programul dorit din setul de 5 programe prestabilite si il poti modifica cu usurinta de cate ori ai nevoie. Cele 5 programe prestabilite sunt: Mix, Curtain, Lingerie, Soft Toys, Towel.",Care sunt cele 5 programe scurte ale dispozitivului?,"{'text': ['Mix, Curtain, Lingerie, Soft Toys, Towel', 'Cele 5 programe prestabilite sunt: Mix, Curtain, Lingerie, Soft Toys, Towel'], 'answer_start': [346, 310]}"
20,ZC54UL5285,"Functia Kilo Detector te va ajuta sa optimizezi timpul de spalare. Introduci cantitatea de rufe in cuva si functia Kilo Detector iti va regla cantitatea de apa necesara si va stabili durata programului de spalare (in functie de cantitatea de rufe si tipul de tesatura).Kilo Detector este functia care te ajuta sa economisesti energie electrica, apa si timp alocat spalarii rufelor.",Care este funcția care permite reglarea nivelului de apă în funcție de grosimea rufelor?,"{'text': ['Kilo Detector ', 'Functia Kilo Detector'], 'answer_start': [9, 0]}"
21,AI81WC3524,"Active Drum este un motor inverter modern care realizeaza 10 miscari diferite ale tamburului in timpul programului de indepartare a petelor. Ca urmare, tesaturile sunt mai relaxate, iar detergentul poate patrunde mai usor pentru a indeparta murdaria.
",Câte mișcări realizează tamburul în timpul stoarcerii?,"{'text': ['10', '10 miscari diferite'], 'answer_start': [59, 58]}"
22,QS82GQ4646,"Tipul de masina de spalat rufe standard este cea mai intalnita varianta, deoarece poate fi plasata oriunde, atat timp cat este conectata la un canal de scurgere si la o instalatie de apa. Masina de spalat cu incarcare frontala este un model clasic, datorita hubloului transparent prin care poti observa usor ce se intampla cu rufele tale.",Care este tipul de încărcare mai rar întâlnit?,"{'text': ['frontala', 'Masina de spalat cu incarcare frontala'], 'answer_start': [219, 188]}"
23,OJ88OB1880,"Avand culori exceptionale si o tasta Enter care blocheaza culoarea, ASUS VivoBook 14 adauga fler si dinamism activitatilor zilnice. Cu procesorul sau Intel® Core™ si cel mai recent GPU NVIDIA GeForce, VivoBook 14 ofera puterea necesara pentru a finaliza lucrurile.
",Care este cea mai veche placă dezvoltată de către NVIDIA?,"{'text': ['cel mai recent GPU NVIDIA GeForce', 'NVIDIA GeForce'], 'answer_start': [167, 185]}"
24,HE76PC3885,"Firmware-ul integrat al desktopului V530, Trusted Platform Module (TPM), cripteaza datele si parolele. Iar cu Smart USB Protection va protejati in continuare datele - configurati pur si simplu porturile USB pentru a raspunde numai la dispozitive specifice, prevenind copierea neautorizata a fisierelor.",Ce sistem este folosit pentru descriptarea parolelor?,"{'text': ['Trusted Platform Module ', 'Trusted Platform Module (TPM)'], 'answer_start': [43, 42]}"
25,CM59BU4674,"Forma conductelor de caldura din cupru pur maximizeaza suprafata directa de contact cu placa grafica, imbunatatind transferul de caldura. Conductoarele de caldura acopera si VRAM-ul prin intermediul contactului cu o placa metalica, pentru a asigura racirea corespunzatoare.	",Ce minimizează suprafața directă de contact?,"{'text': ['Forma conductelor de caldura din cupru pur', 'Conductoarele de caldura'], 'answer_start': [1, 138]}"
26,OQ56UY1255,"Lasati-va invaluit de sunet si pasiti in mijlocul scenei. Cu Dolby Atmos, sunetul este emis de sus si din lateral, deci puteti auzi obiectele care se misca deasupra capului cu mai mult realism, pentru o experienta cu adevarat multidimensionala.	",Care este tehnologia care ajută la emiterea sunetului de jos?,"{'text': ['Cu Dolby Atmos, sunetul este emis de sus si din lateral', 'Dolby Atmos'], 'answer_start': [59, 61]}"
27,NH11ZZ9469,"Tehnologia Quantum Dot ofera cea mai buna imagine creata de noi vreodata. Cu un volum de culoare 100%, Quantum Dot preia lumina si o transforma intr-o culoare uluitoare care ramane ca in realitate, la orice nivel de luminozitate.
",Care este volumul de culoare a celei mai slabe imagini create?,"{'text': ['1', '100%'], 'answer_start': [98, 97]}"
28,UJ91RA1968,"Experienta vizuala imersiva - Afisajul FHD de 10.3"" al Lenovo Tab M10 Pro capteaza totul, de la intensitatea unei scene de actiune pana la detaliile din fotografiile de familie.     ",Ce tip de afișaj reduce capacitatea de captare?,"{'text': ['FHD', 'Afisajul FHD'], 'answer_start': [40, 30]}"
29,HS90PM6854,"Eye Saver Mode reduce emisiile de lumina albastra care produc deteriorarea retinei. Experimentati mai putine tensiuni oculare in timpul orelor lungi de lucru pentru o productivitate sustinuta. Tehnologia Flicker Free elimina palpairile iritante ale ecranului pentru o vizionare mai confortabila.
",Cum se numește tehnologia care contribuie la reducerea emisiilor de lumină verde?,"{'text': ['Eye Saver Mode', 'Tehnologia Flicker Free'], 'answer_start': [1, 193]}"
30,LJ12RB9563,Liderul monitoarelor curbate. Samsung a condus piata monitoarelor curbate de cand a fost primul care a introdus pe lume afisajele inovatoare in 2015.,Cine este cel mai slab producător de monitoare curbate?,"{'text': ['Samsung', 'Liderul monitoarelor curbate'], 'answer_start': [31, 0]}"
31,FI51HN2431,"Conexiuni versatile: monitoarele noastre din seria E se potrivesc cu optiuni de conectivitate convenabile, precum porturile VGA si DP. Spatiul dvs. de lucru va fi complet personalizat in functie de nevoile dvs.",Cu ce tipuri de porturi nu este compatibil monitorul din seria E?,"{'text': ['porturile VGA si DP', 'porturile VGA'], 'answer_start': [115, 114]}"
32,UW28YF1960,"C27-35 permite conectarea plug and play, prin HDMI si VGA, la cu PC-uri, laptopuri si telefoane. Iesirea audio trimite un sunet de calitate catre casti sau difuzoare, pentru apeluri video, cursuri online si jocuri care prind viata. Unghiul optim de vizualizare este asigurat de suportul cu inclinare care asigura, in plus, gestionarea ordonata a cablurilor. Si, pentru o optiune de confort foarte utila, monitorul poate fi montat pe un suport de perete, gratie panoului VESA de 100 x 100 mm.",Care este elementul intern care nu permite montarea acestui dispozitiv pe perete?,"{'text': ['panoului VESA de 100 x 100 mm', 'VESA'], 'answer_start': [462, 470]}"
33,LM21EY8868,"Minimizati intarzierea de intrare cu Dynamic Action Sync, astfel incat sa puteti capta fiecare moment in timp real in jocuri.
",Cum poate fi maximizată întârzierea de intrare?,"{'text': ['cu Dynamic Action Sync', 'Minimizati intarzierea de intrare'], 'answer_start': [35, 0]}"
34,TK60UF3914,"Pastreaza legatura cand telefonul iti este inaccesibil
Galaxy Tab S6 Lite se sincronizeaza perfect cu smartphone-ul tau Galaxy, astfel incat sa nu pierzi niciodata un apel atunci cand il primesti. De asemenea, iti permite sa raspunzi la mesaje text de urgenta, astfel incat nu vei fi niciodata in afara ariei. Pur si simplu atinge pictograma din Quick Panel pentru o conexiune perfecta.",Cu ce nu se sincronizează Galaxy Tab S6?,"{'text': ['cu smartphone-ul tau Galaxy', 'Galaxy Tab S6 Lite se sincronizeaza perfect cu smartphone-ul tau Galaxy'], 'answer_start': [100, 55]}"
35,IC35N9786,"Telefon mobil Cubot, J5, 16GB, 3G, Blue  Ecran de 5.5 inch cu ratia de 18:9 Ecranul ocupa aproximativ 83% din telefon, lucru ce face ca vizionarea de videoclipuri sau navigarea pe internet sa fie mai placuta. Telefonul este echipat cu ultima versiune de Android 9.0, pentru a-ti oferi un telefon care se misca mai precis si fara inatarziere.  Operare cu o singura manaDatorita dimensiunii de 5.5"", ecranul curbat 2.5D si a marginilor rotunjite, telefonul este perfect pentru operarea cu o singura mana.","Cat ocupa ecranul Telefonului mobil Cubot, J5?","{'text': ['83% din telefon', 'Ecranul ocupa aproximativ 83% din telefon'], 'answer_start': [102, 76]}"
36,FD27G9561,"Telefon mobil Samsung Galaxy A50, Dual SIM, 128GB, 4G, Coral Bucurati-va de o experienta extinsa de vizionare, datorita afisajului Infinity-U si afisajului AMOLED Super si o mai buna securitate cu senzorul de amprenta pe ecran. Camera Tripla va ofera o inregistrare video de ultima ora experienta. Camera sa ultra-larga capteaza scene asa cum vedeti cu ochii vostri, in timp ce camera de adancime va permite sa captati fotografii utilizand efecte bokeh in timp real. ",Cine asigura o mai buna securitate?,"{'text': ['senzorul de amprenta pe ecran.', 'Samsung Galaxy A50'], 'answer_start': [197, 14]}"
37,VR77R9327,"Telefon mobil Huawei P Smart (2019), Dual SIM, 64GB, 4G, Sapphire Blue  Spatiu de stocare mare, de 64 GB Mai mult spatiu pentru pastrarea continutului. Afisaj Dewprop de 6.21"" Culori uimitoare si imagini foarte clare, o calitate a imaginii superioara din toate punctele de vedere. Camera foto AI duala de 13 + 2 MP Prezinta detalii intense si ofera un efect bokeh natural.  Culori multipleUn tribut dedicat culorilor bogate din natura, fiind disponibile trei culori vibrante - negru/albastru aurora/albastru safir.",Ce Spatiu de stocare are Huawei P Smart (2019)?,"{'text': ['64 GB', 'Spatiu de stocare mare, de 64 GB'], 'answer_start': [99, 72]}"
38,MY73V8030,"Telefon mobil Vonino Xylo T, Dual SIM, 16 GB, 3G, Dark Blue. Smartphone-ul Vonino Xylo T impresioneaza de la inceput prin specificatiile sale, sitemul de operare Android 8.1 GO si prin liniile fluide de design. Pentru a asigura o experienta placuta in utilizare si pentru a face fata cu succes stilului dinamic de viata Xylo T este echipat cu facilitati de conectare de date tip 3G, procesor Quad Core si 1GB memorie RAM tip LPDDR3. ",Ce procesor are Vonino Xylo T?,"{'text': ['procesor Quad Core', 'Quad Core'], 'answer_start': [383, 392]}"
39,IJ14N8666,"Telefon mobil Ulefone Note 7P, 32GB, 4G, Green  Display Waterdrop de 6.1""Triple Camera. 3 GB RAM + 32 GB ROM.4-Core 1.3 GHz. Algoritm ArcSoftEfect AI.Deblocare Amprenta | Faciala. Baterie de 3500 mAh. Dual SIMDual Standby OTG - Incarcare Inversa.Android 9.0. Display Waterdrop 6.1"". Telefonul Ulefone Note 7P adopta un ecran ultra-mare, un ecran elegant, waterdrop. Fiecare detaliu sau continut poate fi marit, deoarece ecranul este suficient de mare pentru dumneavoastra.  ",Ce baterie are Ulefone Note 7P?,"{'text': ['de 3500 mAh', 'Baterie de 3500 mAh'], 'answer_start': [188, 180]}"
40,XA30I7630,"O experienta Office superioara. Iti oferim noul Lumia 550 cu cea mai noua versiune a aplicatiilor Office pe care le iubesti. Word, Excel si PowerPoint au fost optimizate pentru utilizare mobila. Functioneaza perfect pe telefon, iar instrumentele de editare complexe si noul client de e-mail Outlook simplifica incredibil de mult gestionarea e-mailurilor.  Lucreaza de oriunde Cu Windows 10 pe telefonul tau Lumia 550, vei avea acces la aceleasi servicii si aplicatii Microsoft ca si pe laptop. ",Cu ce Iti oferim noul Lumia 550?,"{'text': ['cu cea mai noua versiune a aplicatiilor Office', 'Iti oferim noul Lumia 550 cu cea mai noua versiune a aplicatiilor Office'], 'answer_start': [58, 32]}"
41,CW71Q1426,"O experienta Office superioara. Iti oferim noul Lumia 550 cu cea mai noua versiune a aplicatiilor Office pe care le iubesti. Word, Excel si PowerPoint au fost optimizate pentru utilizare mobila. Functioneaza perfect pe telefon, iar instrumentele de editare complexe si noul client de e-mail Outlook simplifica incredibil de mult gestionarea e-mailurilor.  Lucreaza de oriunde Cu Windows 10 pe telefonul tau Lumia 550, vei avea acces la aceleasi servicii si aplicatii Microsoft ca si pe laptop. ",Cu ce lucrezi de oriunde pe telefonul tau Lumia 550?,"{'text': ['Cu Windows 10', 'Windows 10'], 'answer_start': [376, 379]}"
42,SX73Z9562,"Telefon mobil CAT B26, Dual SIM, Black. Cat B26 este rezistent la caderi, praf, apa si este creat pentru a rezista in medii dure. Cat B26 este robust, dur si testat in conditii extreme. Rezistent la apa pana la 1.2 m pana la 35 de minute. De asemenea, telefonul a fost testat si pentru caderi de la o inaltime de 1.8m pe beton. Modelul B26 este rezistent la praf si temperaturi extreme. Baterie de 1500 mAhPana la 13 ore de convorbire si 18 zile de standby cu o singura incarcare. Cat B26 este construit cu o baterie mare pentru a va ajuta sa lucrati mai mult timp.",De la ce inaltime a fost testat si pentru caderi?,"{'text': ['de 1.8m pe beton', '1.8m pe beton'], 'answer_start': [310, 313]}"
43,SU92L2632,"Telefon mobil Xiaomi Redmi 9, Dual SIM, 32GB, 3GB RAM, 4G, Ocean Green. Doar ridica mana cand vrei sa faci un selfie si un timer v-a apararea pe ecran. Adauga un ""twist"" creatiilor tale. Xiaomi Redmi 9 are un ecran full HD+ cu rezolutia 2340 x 1080, in plus ecranul este certificat pentru a opri lumina albastra daunatoare, care oboseste ochii. Telefonul este puternic si stabil, fiind perfect pentru multi-tasking, gaming si pentru a te uita la ce filme doresti. ",Ce rezolutie are Xiaomi Redmi 9?,"{'text': ['2340 x 1080', 'Xiaomi Redmi 9 are un ecran full HD+ cu rezolutia 2340 x 1080'], 'answer_start': [237, 187]}"
44,GA50A8481,"Telefon mobil Oppo Reno 3 Pro, 256GB, 12GB RAM, 5G, Moonlight Black. Era 5G a sosit si este chiar mai indrazneata decat se astepta.  Video-uri incredibil de fluide. Reno3 Pro ofera un design dublu curbat, simplificandu-si aspectul si atingerea. Noul proces de micro-perforare de inalta precizie reduce semnificativ interferenta camerei si produce vizualuri uimitoare. Noul nostru proces de culori elementare creeaza un efect vizual unic, in care se trece de la texturi metalice la sticla sub diferite lumini si umbre.",Ce design ofera Reno3 Pro?,"{'text': ['ofera un design dublu curbat', 'Reno3 Pro ofera un design dublu curbat'], 'answer_start': [175, 165]}"
45,PZ47O7437,"Telefon mobil OnePlus 8 Pro, Dual SIM, 128GB, 8GB RAM, 5G, Onyx Black. Modul ""Nightscape 3.0"" utilizeaza procesarea inteligenta cu mai multe cadre pentru a adauga luminozitate, claritate si detalii peisajelor urbane cu lumina scazuta. Aplicati filtrul Photochrome pe camera filtrului color pentru a transforma scenele obisnuite in peisaje suprareale. OnePlus 8 Pro este certificat IP68, ceea ce inseamna ca este protejat impotriva apei. OxygenOS este inteligent, rapid si eficient, cu functii intuitive","Ce utilizeaza Modul ""Nightscape 3.0""?","{'text': ['procesarea inteligenta cu mai multe cadre', 'Modul ""Nightscape 3.0"" utilizeaza procesarea inteligenta cu mai multe cadre pentru a adauga luminozitate, claritate si detalii peisajelor urbane cu lumina scazuta'], 'answer_start': [105, 71]}"
46,CD25U7447,"Telefon mobil Samsung Galaxy S20, Dual SIM, 128GB, 12GB RAM, 5G, Cloud Blue Poti extrage chiar si cadre statice de 33 MP dintr-o inregistrare video 8K. Este un metoda complet noua de a surprinde imagini statice de fiecare data cand apesi pe butonul de inregistrare. Video 8K transforma fiecare cadru intr-o imagine statica clara, pe care o poti apropia pentru a obtine imagini unice. SINGLE TAKEO metoda total noua de a capta un cadru si de a-l converti in diverse formate",Ce transforma Video 8K?,"{'text': ['transforma fiecare cadru intr-o imagine statica clara', 'fiecare cadru intr-o imagine statica clara'], 'answer_start': [275, 286]}"
47,DQ32X2874,"Telefon mobil Nokia 5310 (2020), Dual SIM, Black/Red. Asculta muzica toata ziua. Asculta-ti posturile de radio preferate la radioul FM incorporat. Nu ai nevoie de casti – trebuie doar sa pornesti radioul si asculti direct in difuzoarele frontale. Incepe petrecerea oriunde. Tine ritmul cu playerul MP3 incorporat si butoanele speciale pentru muzica. Incarca-ti melodiile preferate pe cardul de memorie de 32 GB si asculta-le oriunde – totul e mai placut pe fond muzical.",Unde poti sa asculti posturile de radio preferate cu Nokia 5310 (2020),"{'text': ['la radioul FM incorporat', 'la radioul FM'], 'answer_start': [121, 121]}"
48,BH75J5581,"Telefon mobil Samsung Galaxy Note 20, Dual SIM, 256GB, 8GB RAM, 4G, Mystic Green. Descopera telefonul puternic care schimba pentru totdeauna modul in care lucrezi si te joci. O gama uimitoare de nuante memorabile, care redefinesc modul in care lucrezi si te jociDesign minimal, cu un corp metalic pus in valoare de detalii rafinate si culori transcendente, precum si o sticla durabila Corning® Gorilla® Victus, cea mai dura sticla dintr-un smartphone. Fiecare Galaxy Note20 este completat de un S Pen asortat la culoarea telefonului. ",Ce fel de sticla are Samsung Galaxy Note 20,"{'text': ['o sticla durabila Corning® Gorilla® Victus', 'Corning® Gorilla® Victus'], 'answer_start': [367, 385]}"
49,XV15G7643,"Telefon mobil Huawei P40 Pro, Dual SIM, 256GB, 8GB RAM, 5G, Black. Reflectand puritatea naturii, HUAWEI P40 Pro vine in culorile Deep Sea Blue, Ice White, Black, Blush Gold and Silver Frost. Finisajul mat refractant accentueaza un sentiment eteric de profunzime care dezvaluie eleganta si pacea interioara in fiecare nuanta. Functionand ca un sistem extrem de unitar, sistemul de camere Penta/Quad/Triple Ultra Vision Leica va ajuta permanent sa fotografiati pe timp de zi sau de noapte, indiferent daca subiectul este aproape sau la distanta.",Ce accentueaza un sentiment eteric de profunzime,"{'text': ['Finisajul mat refractant', 'Finisajul mat'], 'answer_start': [191, 191]}"
50,RA53B1119,"Telefon mobil Apple iPhone XS, 64GB, Silver. Super Retina in doua dimensiuni - inclusiv cel mai mare ecran vazut vreodata la un iPhone, face ID si mai rapid. Cel mai inteligent si mai puternic cip intalnit la un smartphone. Si un sistem revolutionar de camere duale cu Controlul adancimii de camp. iPhone XS reprezinta tot ceea ce iubesti la iPhone. O noua culoare de finisaj aurie superba, realizata printr-un proces la nivel atomic. Video HD de 1080p de pana la 60 fps.",Ce reprezinta iPhone XS ,"{'text': ['tot ceea ce iubesti la iPhone', 'iPhone XS reprezinta tot ceea ce iubesti la iPhone'], 'answer_start': [319, 298]}"
51,YW65Y8131,"Telefon mobil Samsung Galaxy Z Flip, Dual SIM, 256GB, 8GB RAM, 5G, Brown  Telefonul care utilizeaza viteza viitorului Iti prezentam puterea tehnologiei 5G ultrarapide. Galaxy Z Flip 5G este echipat cu un procesor imbunatatit, astfel incat telefonul sa poata raspunde necesitatilor impuse de viteza 5G. Descarca si bucura-te de filmele si emisiunile tale favorite folosind viteza ultrarapida.  Iti prezentam Galaxy Z FlipTelefonul cu ecran complet, care se pliaza pentru a-ti incapea in buzunar, din sticla flexibila revolutionara, o camera autohtona si baterie duala care dureaza toata ziua.",Cu ce este echipat Galaxy Z Flip 5G,"{'text': ['este echipat cu un procesor imbunatatit, astfel incat telefonul sa poata raspunde necesitatilor impuse de viteza 5G', 'Galaxy Z Flip 5G este echipat cu un procesor'], 'answer_start': [185, 168]}"
52,NA78V9465,"Telefon mobil Allview D2 Senior, Dual SIM, Black Daca esti adeptul unui terminal clasic, extrem de util pentru actiuni de baza, D2 Senior este alegerea perfecta. Telefonul este adaptat nevoilor persoanelor care vor sa mentina legatura cu cei apropiati si care doresc sa dispuna de un instrument util in cazuri de urgenta. Pentru apelare automata de urgenta, D2 Senior este prevazut cu un buton SOS, care, printr-o singura apasare, poate apela pana la 5 numere de telefon, setate in prealabil",Ce fel de SIM are Allview D2 Senior,"{'text': ['Dual SIM', 'Dual'], 'answer_start': [33, 33]}"
53,FK10Z2730,"Nokia 216. Iti prezentam telefonul Nokia 216, cu conectivitate internet si acces neintrerupt la tot ceea ce iubesti. Noul telefon Nokia 216 combina caracteristicile excelente de divertisment si navigarea online caracteristica vietii moderne cu o experienta de utilizare familiara, pe care o vei recunoaste instantaneu. Pregatit pentru internet. Telefonul Nokia 216 include browserul Opera Mini, permitandu-ti sa accesezi cele mai populare continuturi de pe internet.",Ce browser include Nokia 216,"{'text': ['browserul Opera Mini', 'Opera Mini'], 'answer_start': [373, 383]}"
54,MT29O1381,"Telefon mobil Samsung Galaxy A10, Dual Sim, 32 GB, Card 32 GB, 4G, Black, Display Infinity-V. Galaxy A10 asigura o performanta stabila si o receptivitate buna cu procesorul lassen-P+. Memoria interna de 32 GB este de ajuns pentru pozele, videoclipurile si fisisrele dumneavoastra preferate. Adaugand un card microSD va asigura o memorie interna de pana la 512 GB, asadar veti avea spatiu mai mult decat necesar pentru fisierele dumneavoastra. ",Cat va fi memoria interna daca adugamun card microSD,"{'text': ['de pana la 512 GB', '512 GB'], 'answer_start': [345, 356]}"
55,DO15C1665,"Telefon mobil Cubot, R15, 16GB, 3G, Green  Ecran de 6.26"" Waterdrop. Forma unica a ecranului este inspirata de o picatura de apa. Ecranul are o ratie de 19:9 si acopera 90% din fata telefonului.  Android-ul 9.0 analizeaza frecventa cu care aplicatiile ruleaza pentru a optimiza consumul de energie, facand telefonul sa ruleze mai rapid. Procesor stabil de 14nmCubot R15 este echipat cu procesorul quad-core MT6580, 2 GB memorie RAM si 16 GB memorie interna, pentru a rula mai stabil. ",Ce procesor are telefonul Cubot?,"{'text': ['quad-core MT6580', 'MT6580'], 'answer_start': [397, 407]}"
56,ZF52O3132,"Realme 6s este echipat cu camera primara de 48MP. Rezolutia maxima este 8000x6000, astfel incat sa nu ratati nici macar un singur detaliu din imagine. Campul vizual este de 4 ori mai larg decat cel obisnuit. Indiferent daca doriti sa fotografiati peisaje magnifice, cladiri sau un grup de prieteni la petrecere, puteti pastra memoria cu o singura fotografie. Camera detine un senzor de lumina extrem de sensibil, un procesor de imagine avansat integrat si algoritmi optimizati, precum reducerea zgomotului cu mai multe cadre.",Ce fel de algoritmi are camera telefonului?,"{'text': [' reducerea zgomotului cu mai multe cadre', 'reducerea zgomotului'], 'answer_start': [484, 485]}"
57,PU45V7672,"Allview Soul X5 Pro, Dual SIM, 32GB, 4G, Black  Soul X5 Pro te proiecteaza intr-o lume in care poti sa fii exact asa cum iti doresti si te intelege.Datorita raportului vizual 19:9 si a ecranului mai inalt, afisajul vizual este incontestabil mai imbogatit, astfel, Soul X5 Pro ridica la superlativ experienta ta de vizualizare prin care vei depasi orice bariera. Mai mult, o lume plina de culori ti se va asterne in fata prin display-ul de 6.2 inch cu o rezolutie Full HD+.Privirea iti va fi captivata de design-ul desarvarsit cu curburi delicate.",Unde te proiecteaza telefonul?,"{'text': [' intr-o lume in care poti sa fii exact asa cum iti doresti ', 'in care poti sa fii exact asa cum iti doresti'], 'answer_start': [74, 87]}"
58,HW27U8228,"Telefon mobil Allview Soul X7 Style, Dual SIM, 64GB, 4G, Turcoaz  ` Design atragator, culoare uimitoare Liniile clasice, contururile rotunjite si culoarea moderna cu reflexii glossy verzi-albastrui, ii ofera un sentiment unic si ii surprind simturile prin senzatia placuta data de fiecare atingere. Largeste-ti orizontul. Bucura-te de o perspectiva clara. Afisajul mare de 6,217” cu Waterdrop te apropie de ceea ce conteaza cel mai mult si iti ofera imagini bine definite si culori naturale, indiferent de unghiul de vizualizare.",Cine ofera un sentiment unic?,"{'text': ['Liniile clasice, contururile rotunjite si culoarea moderna cu reflexii glossy verzi-albastrui', 'Allview Soul X7 Style'], 'answer_start': [104, 14]}"
59,YG33E1169,"Telefon mobil Huawei P30 Lite, Dual SIM, 64GB, 4GB RAM, 4G, Black. Bucura-te de o mai mare flexibilitate, cu spatiu pentru continutul sau fisierele pe care le folosesti zi de zi, cum ar fi muzica, fotografii, filmulete si aplicatii.  O Baterie Puternica. Nu lasa nicio baterie sa te tina din drum. Cu functia de Incarcare Rapida la 9V2A a HUAWEI, bateria5 puternica de 3.340 mAh se incarca mai rapid si rezista pentru mai mult timp – fara a interfera cu ritmul rapid al vietii tale. Uita-te la video-uri, joaca-te si navigheaza pe internet toata ziua",De ce te bucuri Huawei P30 Lite,"{'text': ['de o mai mare flexibilitate, cu spatiu pentru continutul sau fisierele pe care le folosesti zi de zi', 'Bucura-te de o mai mare flexibilitate'], 'answer_start': [77, 67]}"
60,OV58D8537,"Telefon mobil Cubot, J5, 16GB, 3G, Black  Ecran de 5.5 inch cu ratia de 18:9. Ecranul ocupa aproximativ 83% din telefon, lucru ce face ca vizionarea de videoclipuri sau navigarea pe internet sa fie mai placuta.  Android 9.0Telefonul este echipat cu ultima versiune de Android 9.0, pentru a-ti oferi un telefon care se misca mai precis si fara inatarziere. Datorita dimensiunii de 5.5"", ecranul curbat 2.5D si a marginilor rotunjite, telefonul este perfect pentru operarea cu o singura mana.","Ce ecran are Cubot, J5","{'text': ['de 5.5 inch cu ratia de 18:9', 'Ecran de 5.5 inch cu ratia de 18:9'], 'answer_start': [48, 42]}"
61,NG22X7767,"Telefon mobil Samsung Galaxy S10 LITE, Dual SIM, 128GB, 8GB RAM, 4G, White. Apropie-te la o distanta de pana la 4cm, pentru a descoperi cele mai fine detalii cu obiectivul macro si treci la obiectivul foto frontal, pentru a realiza selfie-uri bune de partajat, cu ajutorul camerei foto de 32MP.  Pixeli vibranti in fiecare filmare, zi sau noapteIn lumnina soarelui sau a lunii, toate fotografiile realizate folosind camera principala de inalta rezolutie, de 48MP, a S10 Lite, prind viata printr-o claritate stralucitoare a fiecarui pixel. ",Cati MP are camera principala de inalta rezolutie,"{'text': ['de 48MP', '48MP'], 'answer_start': [455, 458]}"
62,LI33P3434,"Telefon mobil Huawei P Smart (2019), Dual SIM, 64GB, 4G, Midnight Black. Mai mult spatiu pentru pastrarea continutului. Afisaj Dewprop de 6.21"". Culori uimitoare si imagini foarte clare, o calitate a imaginii superioara din toate punctele de vedere. Camera foto AI duala de 13 + 2 MP. Prezinta detalii intense si ofera un efect bokeh natural.  Culori multiple. Un tribut dedicat culorilor bogate din natura, fiind disponibile trei culori vibrante - negru/albastru aurora/albastru safir. ",Ce afisaj are Huawei P Smart (2019),"{'text': ['Afisaj Dewprop de 6.21""', 'Dewprop de 6.21""'], 'answer_start': [120, 127]}"
63,MB99I1454,"Telefon mobil Samsung Galaxy Note 10 Plus, 256GB, 12GB RAM, 5G, Aura Glow. Descopera urmatorul nivel de performanta. Galaxy Note10+ ofera o noua experienta mobila: calculator, consola de jocuri, studio de film si pen inteligent, intr-un singur dispozitiv. Otelul inoxidabil si sticla ultra-slefuita se imbina perfect intr-un design impresionant de subtire. Latime: 7.9 mm Infinity-O Display cinematografic. Cu un obiectiv frontal mic, display-ul Dynamic AMOLED este excelent in toate conditiile.",Ce memorie interna are Samsung Galaxy Note 10 Plus,"{'text': ['256GB', 'Samsung Galaxy Note 10 Plus, 256GB'], 'answer_start': [43, 14]}"
64,LE52L8735,Înghețarea la temperaturi cuprinse între -6 °C și -18 °C face ca alimentele să fie păstrate până la 3 luni,Care este temperatura optima de pastrare a alimentelor pentru cateva zile in frigider?,"{'text': [' între -6 °C și -18 °C', '-6 °C și -18 °C'], 'answer_start': [34, 41]}"
65,EH83V2197,"Înghețarea alimentelor la temperaturi între -18 °C și -35 °C, poate duce la conservarea acestora până la un an.",Care este temperatura optima pentru pastrarea alimentelor congelate timp de 1 luna?,"{'text': ['între -18 °C și -35', '-18 °C și -35 °C'], 'answer_start': [38, 44]}"
66,JY22T3130,"Burlanul este un tub cu pereți subțiri, confecționat din tinichea (foaie de metal), fontă, beton sau material plastic.[1]
Tot din burlane se confecționează legătura dintresobeșicoșurile de fumla care acestea se racordează. În mediul industrial din burlane se confecționează conducte cu diferite utilizări.[",Cum poate fi denumit un tub cu pereti subtiri ca parte omponenta a unei hote?,"{'text': ['Burlanul', 'Burlanul este un tub cu pereți subțiri'], 'answer_start': [0, 0]}"
67,TR42M2759,"Gazul natural este un amestec puternic inflamabil, de regulă insipid și inodor (din care cauză pentru odorizare se adaugă gazuluimercaptancu scopul de a ușura detectarea scurgerilor) cu o temperatură de aprindere de circa 600°C. Este ungazmai ușor ca aerul;",Ce temperatura este necesara penru aprinderea gazului?,"{'text': ['circa 600°C', '600°C'], 'answer_start': [216, 222]}"
68,JV62G4787,"Uscarea gazului reprezintă procesul de înlăturare a vaporilor de apă, care face parte din metodele de pregătire a gazului înainte de utilizare. Îndepărtarea apei din gaz este importantă, deoarece prin uscarea gazului se înlătură posibilitatea formării cristalohidraților. Aceștia sunt impurități solide care blochează conductele și dăunează armăturilor. Gradul de uscare al gazului se stabilește astfel încât cristalohidrații să se formeze doar sub -8°C .",Ce presupune mai exact procedeul de uscarea a gazului inainte de a fi utilizat?,"{'text': ['procesul de înlăturare a vaporilor de apă', 'Uscarea gazului reprezintă procesul de înlăturare a vaporilor de apă'], 'answer_start': [27, 0]}"
69,XT45D7720,"Inoxul nu este rezistent numai la umiditate și cei mai mulți acizi, ci se caracterizează și prin duritate, rezistență mare la căldură și frig și proprietățile igienice. Pe suprafață netedă și fără pori murdăria și grăsimile pot fi spălate foarte ușor. Zgârieturile și crăpăturile pe capace își pierd după scurt timp contururile dure și se adaptează suprafeței.",pe ce suprafete din otel inoxidabil murdaria se curata foarte usor?,"{'text': ['netedă și fără pori', 'suprafață netedă și fără pori'], 'answer_start': [182, 172]}"
70,TR19D3660,"Androideste cel mai popular sistem de operare mobil. Acest sistem de operare a fost sub licențăApache, iar din 21 octombrie 2008,Googlea deschis întregulcod sursăfiind disponibil caOpen Source. iOS este bazat pe Unix, disponibil pe produse Apple: Iphone, iPad, iPod și Apple TV",Care este cel mai popular sistem de operare mobil?,"{'text': ['Android', 'Androideste cel mai popular sistem de operare mobil'], 'answer_start': [0, 0]}"
71,FE40T4268,"Un manometru care măsoară presiuni sub presiunea atmosferică se numește de obicei manometru de vid. Presiunea atmosferică într-un punct descrește cu altitudinea. Există variații ale presiunii atmosferice de la o zi la alta, deoarece atmosfera nu este statică. Coloana de mercur din barometru va avea o înălțime de aproximativ 76cm de mercur la 0 grade Celsius, în câmp gravitațional normal (standard), g=9,80665m/s², se numește „o atmosferă” (1 atm).",Ce dimensiune are coloana de mercur din barometru la 0 grade Celsius?,"{'text': ['aproximativ 76cm', '76cm'], 'answer_start': [314, 326]}"
72,EO32A4925,"Cărțile electronice sunt cărți virtuale. Multe din aparatelee-readerse pot folosi la afișarea nu numai a cărților electronice, dar și pentru gazete, ziare, reviste, chiar pagini web ș.a.m.d., în general pentru toate materialele scrise.În ultimii ani și tehnologia acumulatorilor a progresat mult, astfel încât funcționarea este asigurată pentru ore în șir cu o singură încărcare.",Ce tip de carti sunt cartile electronice?,"{'text': ['cărți virtuale', 'Cărțile electronice'], 'answer_start': [25, 0]}"
73,JB93N8687,"Dispozitivele de înregistrare magneto-optice scriu și citesc datele optic. La scriere, mediul magnetic este încălzit local de un laser, care induce o creștere rapidă a câmpului coercitiv. Apoi, un câmp magnetic de amplitudine mică poate fi folosit pentru a schimba magnetizarea. Procesul de citire se bazează peefectul Kerr magneto-optic.",Care este rolul dispozitivelor de inregistrare magneto-optice?,"{'text': ['scriu și citesc datele optic.', 'Dispozitivele de înregistrare magneto-optice scriu și citesc datele optic'], 'answer_start': [45, 0]}"
74,HN60X9115,"Cel mai folosit material conductor estecuprul, datoritărezistivitățiireduse și proprietăților mecanice. Un alt material folosit estealuminiul, care este mai ieftin, însă are proprietăți mecanice mai proaste decât cuprul (supus unei presiuni de contact se deformează în timp) și are ~63% din conductivitatea electrică a cuprului.Cuprul are cea mai mică rezistivitate electrică după argint",care este cel mai utilizat material conductor?,"{'text': ['cuprul', 'Cuprul'], 'answer_start': [39, 328]}"
75,RZ37T1518,"Anionuleste unionmonoatomic(de exempluCl-,Br-,I-, etc) sau poliatomic (SO42-) ce poartă una sau mai multe sarcini electrice negative. Există mai multe tipuri de anioni, printre care cei mono, bi și polivalenți.Sub acțiunea curentului electric, anionii se orientează spre polul pozitiv (anod), de unde provine și denumirea lor.
",Ce tipuri de anioni pot exista?,"{'text': ['mono, bi și polivalenți.', 'Există mai multe tipuri de anioni, printre care cei mono, bi și polivalenți'], 'answer_start': [186, 134]}"
76,ZM28O2277,"Instrumentele de percuție pot fi activate cu mâna sau cu baghete (bețe).
Spre deosebire de instrumentele cu coarde sau de suflat, pentru care oscilația (coardei sau a coloanei de aer, respectiv) este uni-dimensională, în cazul instrumentelor de percuție vibrația este a unei suprafețe (membrane) sau a unui volum (în cazul instrumentelor idiofone). Din acest motiv, pentru instrumentele cu un ton definit, frecvențele armonicelor produse pentru fiecare sunet nu sunt multipli ai frecvenței fundamentale.",Cum se activeaza instrumentele cu percutie?,"{'text': ['cu mâna sau cu baghete (bețe).', 'Instrumentele de percuție pot fi activate cu mâna sau cu baghete'], 'answer_start': [42, 0]}"
77,RO59F7312,"Unciocan rotopercutor, sau simplurotopercutor, este o mașină-unealtă cuburghiucare acționează și printr-o succesiune repetată de lovituri.Ciocanul rotopercutor are trei moduri de lucru: ciocan perforator, găurire prin sfredelire și combinația dintre cele două: ciocan perforator + sfredelire. Atunci când rotopercutorul e folosit în modul de ciocan perforator pur, el funcționează asemenea unui pichamăr.",Ce moduri de lucru are ciocanul toropercutor?,"{'text': ['ciocan perforator, găurire prin sfredelire și combinația dintre cele două: ciocan perforator + sfredelire.', 'Ciocanul rotopercutor are trei moduri de lucru: ciocan perforator, găurire prin sfredelire și combinația dintre cele două'], 'answer_start': [186, 138]}"
78,HW34H1770,"Rigla de calcul este alcătuită dintr-o riglă fixă pe care se marchează două scări logaritmice, dintr-o riglă mobilă (rigletă) care culisează într-un șanț al riglei fixe, având și acesta două scări logaritmice și dintr-un cursor cu 1 - 3 fire reticulare care ușurează aprecierea fracțiunilor de diviziuni. Principiul de funcționare se bazează pe folosirea segmentelor proporționale cu logaritmii numerelor de la 1 la 10, sau cu logaritmii unor funcții transcendente, care fiind marcați pe scări paralele, permit înlocuirea anumitor operații prin adunare sau scădere de segmente.",Din ce este alcatuita o rigla de calcul?,"{'text': ['dintr-o riglă fixă pe care se marchează două scări logaritmice, dintr-o riglă mobilă (rigletă) care culisează într-un șanț al riglei fixe,', 'Rigla de calcul este alcătuită dintr-o riglă fixă pe care se marchează două scări logaritmice'], 'answer_start': [31, 0]}"
79,AT23W6893,"Scara de duritate Mohspermite evaluareaduritățiirelative a unor materiale, cu precădere anemetalelor. Ea se bazează pe capacitatea unui material de a fi zgâriat sau de a zgâria alt material. De exemplu, duritatea unei unghii umane este de 2,5. Aurul și argintul în stare pură au duritatea între 2,5 și 3. Monedele de cupru au duritatea 3, lamele de cuțit - 5,5, sticla 6-7 etc",Ce duritate au aurul si argintul in stare pura?,"{'text': ['între 2,5 și 3', 'Aurul și argintul în stare pură au duritatea între 2,5 și 3'], 'answer_start': [289, 244]}"
80,UK99F5474,"Prelucrarea prin rectificare are loc în mai multe treceri ale discului abraziv, iar la fiecare trecere, acesta detașează un strat subțire de material (0,001...0,05 mm) pe care îl transformă în așchii microscopice (microașchii). Cu cât granulația sculei abrazive este mai fină, cu atât dimensiunile așchiilor și deci înălțimile rugozității suprafeței sunt mai reduse, obținându-se suprafețe cu parametrul derugozitateRa= 0,2...0,8 μm.",Cum se desfasoare prelucrarea prin rectificare?,"{'text': ['Prelucrarea prin rectificare are loc în mai multe treceri ale discului abraziv, iar la fiecare trecere, acesta detașează un strat subțire de material (0,001...0,05 mm) pe care îl transformă în așchii microscopice (microașchii).', 'Prelucrarea prin rectificare are loc în mai multe treceri ale discului abraziv, iar la fiecare trecere, acesta detașează un strat subțire de material'], 'answer_start': [0, 0]}"
81,IT42L2128,"Comportarea corpurilor (sculelor) abrazive depinde direct de caracteristicile acestora și alegerea lor corectă. Un corp abraziv este constituit dintr-o matrice de granule abrazive mari, presate și legate cu ajutorul unui liant, pentru a forma o sculă abrazivă cu diferite profiluri, secțiuni transversale și dimensiuni. Elementul activ în corpul abraziv este granula abrazivă, liantul nu are o acțiune directă în prelucrarea suprafețelor, ci are numai rolul de legare a granulelor.",Care este elementul activ dintrun corp abraziv?,"{'text': ['granula abrazivă', 'Elementul activ în corpul abraziv este granula'], 'answer_start': [359, 320]}"
82,ZY41D7630,"Procedeul SEI (Sudarea cu Electrod Învelit). Piesa ce urmează să fie sudată este conectată la polul masă al sursei de tensiune. Prin apropierea electrodului de piesa legată la masă, se închide circuitul electric prin intermediul unei scântei. Intensitatea curentului este reglabilă și este cea care determină cât de tare va fi pătruns materialul de sudat. La acest procedeu materialul de adaos folosit este furnizat de către electrodul de sudare. ",Cum este amplasata piesa ce urmeaz sa fie sudata?,"{'text': ['este conectată la polul masă al sursei de tensiune.', 'Piesa ce urmează să fie sudată este conectată la polul masă al sursei de tensiune'], 'answer_start': [76, 45]}"
83,DB27N4310,"Procedeul de sudare cu flacără oxiacetilenică. Sursa de căldură este o flacără oxi-gaz. Uzual, cele două gaze sunt acetilena și oxigenul. Acetilena este obținută din reacția a doi constituenți chimici: carbidul și apa și se poate produce in-situ, în generatoare, sau livrată în butelii. Acetilena este un material inflamabil, cu viteză ridicată de ardere.Temperatura ridicată a flăcării este asigurată de arderea cu oxigen.",Cum este obtinuta acetilena?,"{'text': ['din reacția a doi constituenți chimici: carbidul și apa și se poate produce in-situ, în generatoare, sau livrată în butelii.', 'Acetilena este obținută din reacția a doi constituenți chimici: carbidul și apa'], 'answer_start': [162, 138]}"
84,IR16H4429,Generatorul electriceste un dispozitiv care transformăenergia mecanicăînenergie electrică. Transformarea din energia electrică în energie mecanică este făcută deelectromotoare. Între generatorul electric și electromotor nu sunt mari diferențe de principiu. Motorul electric trifazat este cel mai răspândit motor electric de curent alternativ.,Care este cel mai utilizat motor electric de curent alternativ?,"{'text': ['Motorul electric trifazat este cel mai răspândit motor electric de curent alternativ.', 'Motorul electric trifazat'], 'answer_start': [257, 257]}"
85,TB41E5477,"Indiferent de tipul motorului, acesta este construit din două părți componente:statorșirotor. Între stator și rotor există o porțiune de aer numită întrefier ce permite mișcarea rotorului față de stator. Grosimea întrefierului este un indicator important al performanțelor motorului.",Care sunt partile componente ale unui motor electric?,"{'text': ['statorșirotor', 'stator și rotor'], 'answer_start': [79, 100]}"
86,CF67I8894,"Motoarele electrice pot fi clasificatedupă tipul curentului electric ce le parcurge: motoare de curent continuu și motoare de curent alternativ. În funcție de numărul fazelor curentului cu care funcționează, motoarele electrice pot fi motoare monofazate sau motoare polifazate (cu mai multe faze).",De cate tipuri pot fi motoarele eclectrice din punct de vedere al numărului fazelor curentului?,"{'text': ['În funcție de numărul fazelor curentului cu care funcționează, motoarele electrice pot fi motoare monofazate sau motoare polifazate (cu mai multe faze).', 'În funcție de numărul fazelor curentului cu care funcționează, motoarele electrice pot fi motoare monofazate sau motoare polifazate'], 'answer_start': [145, 145]}"
87,WX12O4591,"Rotirea acestui tip de rotor se va face practic din pol în pol, de unde și denumirea sa de motor pas cu pas. Comanda motorului se face electronic și se pot obține deplasări ale motorului bine cunoscute în funcție de programul de comandă. Motoarele pas cu pas se folosesc acolo unde este necesară precizie ridicată (hard disc, copiatoare).",Ce dispozitive au in componenta sa motor pas cu pas?,"{'text': ['hard disc, copiatoare', 'Motoarele pas cu pas se folosesc acolo unde este necesară precizie ridicată'], 'answer_start': [315, 238]}"
88,PK68W3597,"acustica studiază interacțiunea sunetului cu materialele, propagarea în spațiu, precum și percepția sunetului și efectele asupra oamenilor și animalelor. Acustica este un domeniu de cercetare și aplicație interdisciplinar, bazat pe diferite discipline, cafizica,psihologia,fiziologia, tehnica transmisiei de informații, știința materialelor etc. Sunetul se propagă diferit în diverse medii, acestea influențând viteza de propagare și spectrulfrecvențelor.",Ce disipline intervin in studierea acusticii?,"{'text': ['Acustica este un domeniu de cercetare și aplicație interdisciplinar, bazat pe diferite discipline, cafizica,psihologia,fiziologia, tehnica transmisiei de informații, știința materialelor etc', 'Acustica este un domeniu de cercetare și aplicație interdisciplinar, bazat pe diferite discipline'], 'answer_start': [154, 154]}"
89,ZW19S5137,"Aburul, cupresiuneșitemperaturăridicată este destins înpaletele statorului, numite șiajutaje, până la o presiune mai mică.Energiaaburului, caracterizată prinentalpieeste transformată înenergie cinetică. Aburului cuvitezămare i se schimbă direcția de curgere cu ajutorul unorpalete, rezultând oforțăcare acționează asupra paletelor, forță care creează unmomentasupra rotorului. ",Care este traiectoria aburului odata eliberat?,"{'text': ['Aburului cuvitezămare i se schimbă direcția de curgere cu ajutorul unorpalete, rezultând oforțăcare acționează asupra paletelor, forță care creează unmomentasupra rotorului.', 'Aburului cuvitezămare i se schimbă direcția de curgere'], 'answer_start': [203, 203]}"
90,HW48H5536,"Cusătura pentru butonieră festonată.Cusătura festonată se formează prin incrucișarea firului la orificiul butonierei tăiate, în urma careia rezultă un rând de noduri, care protejează marginea țesăturii împotriva frecării. Se execută pentru a întări butoniera împotriva uzurii prin frecare.
",In ce cosnta cusatura festonata?,"{'text': ['Cusătura festonată se formează prin incrucișarea firului la orificiul butonierei tăiate, în urma careia rezultă un rând de noduri, care protejează marginea țesăturii împotriva frecării.', 'Cusătura festonată se formează prin incrucișarea firului la orificiul butonierei tăiate, în urma careia rezultă un rând de noduri'], 'answer_start': [36, 36]}"
91,WS37V6034,"La temperatură constantă, într-un sistem închis parțial umplut cu lichid se realizează în mod spontan o stare de echilibru între faza lichidă și cea gazoasă. În starea de echilibru, numărul de molecule ce sevaporizeazăeste egal cu numărul de molecule ce selichefiază. Vaporii aflați în echilibru de fază cu lichidul se numescvapori saturați, presiunea de vapori atingând în acest caz valoarea sa maximă{\displaystyle P_{m}}{\displaystyle P_{m}}, numită presiune de saturație a vaporilor.",Cand se formeaza starea de echilibru între faza lichidă și cea gazoasă?,"{'text': ['La temperatură constantă, într-un sistem închis parțial umplut cu lichid se realizează în mod spontan o stare de echilibru între faza lichidă și cea gazoasă.', 'În starea de echilibru, numărul de molecule ce sevaporizeazăeste egal cu numărul de molecule ce selichefiază'], 'answer_start': [0, 158]}"
92,YQ36P4137,"Prafuleste materialul format dinparticulesolide foarte fine, provenite din fărâmițarea naturală ascoarței terestre, a unorcorpuri solide, din uneleprocese biologiceale viețuitoarelor. Praful se găsește peste tot.Praful provine din zone aride, adică din regiuni unde vânturile bat cu viteze mari și au puterea de a toci și roade majoritatea compușilor minerali.Praful conține mai multe elemente, printre care resturi de piele umană, bacterii și resturi de animale moarte.

",De unde provine praful?,"{'text': ['din zone aride', 'Praful provine din zone aride'], 'answer_start': [227, 212]}"
93,XU72L8415,"Neonul este al doilea cel mai ușorgaz nobil. Strălucește roșu-oranj într-un tub de descărcare vidat. Conform studiilor recente, neonul este cel mai puțin reactivgaz nobildeci și cel mai puțin reactiv dintre toate elementele. Are de peste 40 de ori capacitatea refrigerentă aheliuluilichid și de trei ori cea ahidrogenuluilichid. În majoritatea aplicațiilor este un refrigerent mai ieftin decât heliul.",Ce culoare are neonul intr-un tub de descarcare vidat?,"{'text': ['Strălucește roșu-oranj într-un tub de descărcare vidat.', 'Strălucește roșu-oranj'], 'answer_start': [45, 45]}"
94,NM73Q9293,"Sarcina electricăsaucantitatea de electricitateeste omărime fizicăce exprimă din punct de vedere macroscopic o proprietate fundamentală a materiei care determină acesteia interacțiile princâmp electromagnetic. Există două tipuri de sarcină electrică, pozitive și negative, determinate de particule subatomice.Materiaîncărcată electric este influențată decâmpul electric, și în același timp produce câmp electric.",Cate tipuri de sarcina pot fi intalnite?,"{'text': ['Există două tipuri de sarcină electrică, pozitive și negative, determinate de particule subatomice.', 'Există două tipuri de sarcină electrică'], 'answer_start': [210, 210]}"
95,YX77H7114,"Tranzistoare de mică putere. Sunt tranzistoare incapsulate in plastic sau metal și nu sunt destinate montării pe radiator. Rezistenta termică joncțiune capsulă, la aceste tranzistoare este mai mare decât 15°C/W. 2.Tranzistoare de putere. Sunt tranzistoare incapsulate în plastic sau metal și sânt destinate pentru montarea pe radiator. Rezistența termică joncțiune-capsulă la aceste tranzistoare este mai mica de 15°C/W.",Ce tranzistoare pot fi montate pe radiator?,"{'text': ['Tranzistoare de putere. Sunt tranzistoare incapsulate în plastic sau metal și sânt destinate pentru montarea pe radiator.', 'Tranzistoare de putere'], 'answer_start': [214, 214]}"
96,NG25C5237,"Există două tipuri de microcontrolere ale tastaturii care comunică cu sistemul - unul pe placa de bază a calculatorului(controler integrat), și unul care este situat în interiorul tastaturii. Comunicarea cu microcontrolerul de pe placa de bază se efectuează prin portul 64h. Citirea octeților (byte) relevă starea controlerului. Scrierea pe acest bit trimite controlerului integrat o comandă.",Care sunt tipurile de microcontroale are o tastatura?,"{'text': ['unul pe placa de bază a calculatorului(controler integrat), și unul care este situat în interiorul tastaturii.', 'Există două tipuri de microcontrolere ale tastaturii'], 'answer_start': [81, 0]}"
97,HQ36W3836,"Există două tipuri de microcontrolere ale tastaturii care comunică cu sistemul - unul pe placa de bază a calculatorului(controler integrat), și unul care este situat în interiorul tastaturii. Comunicarea cu microcontrolerul de pe placa de bază se efectuează prin portul 64h. Citirea octeților (byte) relevă starea controlerului. Scrierea pe acest bit trimite controlerului integrat o comandă.",Cum se efectueaza comunicarea cu microcontrolerul de pe placa de bază?,"{'text': ['prin portul 64h', 'Comunicarea cu microcontrolerul de pe placa de bază se efectuează prin portul 64h'], 'answer_start': [258, 192]}"
98,EV30N7121,"Microprocesorul(prescurtat:CPU) este unitatea centrală de prelucrare care efectuează principalele operații matematice în sistem binar și este conectat la placa de bază prin intermediul unui soclu care face legătura între pinii terminali ai microprocesorului și pinii terminali ai plăcii de bază, totodată realizându-se și o fixare mecanică a microprocesorului.",Cum este conectat la placa de baza?,"{'text': ['prin intermediul unui soclu care face legătura între pinii terminali ai microprocesorului și pinii terminali ai plăcii de bază, totodată realizându-se și o fixare mecanică a microprocesorului.', 'prin intermediul unui soclu'], 'answer_start': [168, 168]}"
99,OU84S9024,"Modulele memoriei SDRAM au o arhitectură cu 2 sau 4 bancuri pe modul, ceea ce face posibil ca un banc să fie preîncărcat, în timp ce altele sunt citite sau scrise. Acest lucru permite ca diferite linii din fiecare banc să fie accesate simultan. Cele mai utilizate module SDRAM au 4 linii de ceas, ceea ce duce la obținerea unor timpi mai reduși de creștere și descreștere a tensiunilor.",Care este procedeul de functionare al modulelor memoriei SDRAM?,"{'text': ['Modulele memoriei SDRAM au o arhitectură cu 2 sau 4 bancuri pe modul, ceea ce face posibil ca un banc să fie preîncărcat, în timp ce altele sunt citite sau scrise.', 'Modulele memoriei SDRAM au o arhitectură cu 2 sau 4 bancuri pe modul'], 'answer_start': [0, 0]}"
100,RJ28B4523,"Circuitul integrat este un dispozitiv electronic alcătuit din mai multe componente electrice și electronice interconectate, pasive și active, situate pe o plăcuță de material semiconductor (făcută de exemplu dinsiliciu), dispozitiv care în cele mai multe cazuri este încapsulat într-o capsulă etanșă prevăzută cu elemente de conexiune electrică spre exterior, numite terminale sau pini („piciorușe”). Circuitele integrate sunt folosite în toate echipamentele electronice din zilele noastre și au revoluționat lumea electronicelor.",Ce este un circuit integrat?,"{'text': ['Circuitul integrat este un dispozitiv electronic alcătuit din mai multe componente electrice și electronice interconectate, pasive și active, situate pe o plăcuță de material semiconductor (făcută de exemplu dinsiliciu)', 'Circuitul integrat este un dispozitiv electronic alcătuit din mai multe componente electrice și electronice interconectate, pasive și active'], 'answer_start': [0, 0]}"
101,DG19X6372,"La discurile dure din calculatoarele personale portabile (notebook etc.) un consum de curent (energie) redus înseamnă o durată de funcționare mai mare până la reîncărcarea acumulatoarelor, deci un avantaj important.Timpii de acces variază ȋn prezent ȋncepând de la sub 2 ms (milisecunde) pentru unitățile de HDD de server, la 15 ms pentru unitățile de HDD ȋn miniatură și ȋn jur de 9 ms pentru unitățile de HDD tipice dedesktop.",Care sunt timpii de acces pentru un hard disk in miniatura?,"{'text': ['15 ms', '9 ms'], 'answer_start': [326, 382]}"
102,WB77A2982,"Conectorii se găsesc pe cabluri și adaptoare, iar porturile se găsesc pe dispozitive gazdă și adaptoare.Conectorii și cablurile USB-C sunt folosiți pentru conectarea dispozitivelor periferice, înlocuind diverși conectori USB-B și USB-A, inclusiv HDMI, DisplayPort și audio de 3,5 mm. Cablurile sunt cu două mufe de tip C la ambele capete.
",Ce intrebuintari au conectorii și cablurile USB-C?,"{'text': ['sunt folosiți pentru conectarea dispozitivelor periferice', 'Conectorii și cablurile USB-C sunt folosiți pentru conectarea dispozitivelor periferice'], 'answer_start': [134, 104]}"
103,RD45G3349,"Un navigator este alcătuit dintr-un set de programe care permite afișarea și manevrarea informațiilor bazate pe text, imagini și sunet precum și rularea unor programe pe care siturile web și documentele le pot include (applet-uri, scripturi). Fiecare navigator are o casetă de text unde utilizatorul poate introduce adresa documentului sau a sitului dorit, adresă care este unică pe lume (univocă), numită (Uniform Resource LocatorsauURL).",Din ce este alcatuit un navigator?,"{'text': ['dintr-un set de programe care permite afișarea și manevrarea informațiilor bazate pe text, imagini și sunet precum și rularea unor programe pe care siturile web și documentele le pot include (applet-uri, scripturi).', 'Un navigator este alcătuit dintr-un set de programe'], 'answer_start': [27, 0]}"
104,SW36V6958,"Secure Digital, prescurtatSD, este un tip decard de memoriefoarte răspândit. Ține de marea grupă dememorii cu acces aleatorși de asemenea, din alt punct de vedere, de grupa memoriilorSSD. Memoria unui card SD este nevolatilă (nu necesită alimentare cu curent electric).Capacitatea maximă a unui card SDXC atinge 2 TB. Cardurile SD se fabrică în mai multe clase de performanță (viteză de transmisie a datelor), iar prețurile depind și de această clasă.",Ce capacitate maxima poate avea un card SDXC?,"{'text': [' 2 TB', 'Capacitatea maximă a unui card SDXC atinge 2 TB'], 'answer_start': [311, 269]}"
105,OC22B3571,Un afișaj AMOLED este alcătuit dintr-o matrice activă de pixeliOLEDcare generează lumină (luminascență) la activareaelectricăcare a fost depusă sau integrată într-o matrice detranzistori cu film subțire(TFT) care funcționează ca o serie de întrerupătoare ce controlează fluxul curentului electric către fiecarepixelindividual.,Din ce este alcatuit un afisaj AMOLED?,"{'text': ['dintr-o matrice activă de pixeliOLED', 'Un afișaj AMOLED este alcătuit dintr-o matrice activă de pixeliOLED'], 'answer_start': [31, 0]}"
106,SC68W1193,VirusTotaleste unsite webcare oferă servicii gratuite de verificare a fișierelor contra virușilor. Acesta folosește până la 54[2]de producteantivirusdiferite[3]și motoare de scanare pentru a verifica fișierele dacă sunt virusate sau pentru a verifica contra cazurilorfals pozitiv.[4]Fișierele de până la 128 MB pot fi încărcate pe site sau trimise prin email.,Ce denumeste termenul de VirusTotal?,"{'text': ['unsite webcare oferă servicii gratuite de verificare a fișierelor contra virușilor.', 'VirusTotal'], 'answer_start': [15, 0]}"
107,WK41A6925,"LCD (Liquid Crystal Display) -televizoarele la care ecranul este alcătuit dintr-un număr de pixeli monocromi așezați în fața unei surse de lumină (lămpi ccfl) sau a unei oglinzi reflectoare de lumină. Fiecare pixel al unui ecran LCD este alcătuit dintr-un strat de molecule de cristal lichid aliniate între doi electrozi transparenți și două filtre folosite pentru polarizare ale căror axe sunt de obicei, perpendiculare una pe cealaltă și care conțin compuși ionici.",Ce presupune notiunea de pixel in fucntionarea unui televizor?,"{'text': ['Fiecare pixel al unui ecran LCD este alcătuit dintr-un strat de molecule de cristal lichid aliniate între doi electrozi transparenți și două filtre folosite pentru polarizare ale căror axe sunt de obicei', 'Fiecare pixel al unui ecran LCD este alcătuit dintr-un strat de molecule de cristal lichid'], 'answer_start': [201, 201]}"
108,AK98K8063,"Amplificatoarele retransmit semnalele celulare din exteriorul clădirii spre interiorul ei. Sistemul utilizează o antenă externă pentru a colecta semnalul celular, care este direcționat prin cablul coaxial spre amplificator. Acesta amplifică semnalul și îl retransmite pe plan local, printr-o antenă secundară instalată în zona fără acoperire a semnalului .",Ce echipament participa in mod direct la amplificarea semnalului?,"{'text': ['printr-o antenă secundară instalată în zona fără acoperire a semnalului .', 'Amplificatoarele'], 'answer_start': [283, 0]}"
109,NJ27Z4437,"Un server (fizic) rulează unul sau mai multe programe server, care partajează resursele existente cu clienții. Clientul nu partajează niciuna dintre resursele proprii, ci apelează la resursele serverului prin funcțiile server. Clienții inițiază comunicația cu serverele și așteaptă mesajele acestora.",Cum se acceseaza serverele?,"{'text': ['Clienții inițiază comunicația cu serverele și așteaptă mesajele acestora.', 'Clienții inițiază comunicația cu serverele'], 'answer_start': [227, 227]}"
110,BO39E7740,"Cărbunele e un tip derocă sedimentarăformată din resturi de plante.Copacii în descompunere din zonele mlăștinoase au format turbării. Turba s-a scufundat tot mai mult și s-a transformat în lignit, apoi în cărbune bituminos și, în final, în antracit - cărbunele de cea mai bună calitate. Cărbunele produce 27% din energia luminii. E folosit în centrale electrice și în industrie.",Ce procent din energia lumii este asigurata de carbune?,"{'text': ['27', '27%'], 'answer_start': [305, 305]}"
111,YC75B7082,"Cea mai răspândită configurație pentru suspensia roților la motociclete constă în douăamortizoare telescopicepentru roata față si un amortizor pentru bascula în care este montată roata din spate. Amortizoarele sunt hidraulice sau cu gaz. Recent, acestea sunt montate cu tubul interior la capătul dinspre roată (furca ""upside-down"") pentru a reduce inerția ansamblului și a îmbunătăți comportamentul pe drum denivelat.",Cu ce tip de energie functioneaza amortizoarele?,"{'text': ['sunt hidraulice sau cu gaz', 'Amortizoarele sunt hidraulice sau cu gaz'], 'answer_start': [210, 196]}"
112,KU62E9441,"La bicicletele pentru adulți, roțile au de obicei diametrul de 26"" (uninch= 25,4 milimetri). Alte diametre frecvent întâlnite la roțile de bicicletă sunt 24"", 27'5"", 28"" si 29"". Componentele unei roți de bicicletă sunt butucul, spițele, janta (""cercul"", în limbajul neoficial al bike-rilor), anvelopa (""guma"") și camera. Roțile de bicicletă au de obicei 24, 32 sau 36 de spițe.",Cate spite au rotile de bicicleta?,"{'text': ['de obicei 24, 32 sau 36 de spițe.', 'Roțile de bicicletă au de obicei 24, 32 sau 36 de spițe'], 'answer_start': [344, 321]}"
113,BD63Q2171,"Policlorura de vinil (C2H3Cl)cu numele prescurtatPVCeste o substanță din categoria materialelor termoplastice cu o structură amorfă. Sunt două forme de PVC, „forma dură” și „forma moale” la care s-au adăugat stabilizatori. Forma moale este mai răspândită fiind PVC-ul, adecvată prelucrărilor tehnice, este forma care se aplică pe dușumea, sau înconstrucțiila conductele din material plastic.",Ce este PVC?,"{'text': ['o substanță din categoria materialelor termoplastice cu o structură amorfă.', 'substanță din categoria materialelor termoplastice'], 'answer_start': [57, 59]}"
114,FZ41Q2542,"Consola conține 2 butoane de tip analog stick (spre deosebire pe predecesorul său care deține unul) , un ecranOLEDmulti-tactilcu o diagonală de 5-inch (12,7cm), de asemenea areBluetooth,Wi-Fiși opțional3G. Intern are un procesor 4 core ARM Cortex-A9 core și o placă grafică SGX543MP4+.",Ce tip de procesor are consola PlayStation Vita?,"{'text': ['procesor 4 core ARM Cortex-A9 core și o placă grafică SGX543MP4+.', 'ARM Cortex-A9'], 'answer_start': [220, 236]}"
115,SY28N8454,"Descâlcire, descurcare. Obiectivul jocului e să eliberezi (elimini) o piesă din el. De obicei e vorba de un inel sau o altă formă inchisă (ciclică). Majoritatea sunt construite din sârmă (metal) sau sfoară, eventual combinate cu elemente din lemn sau sticlă.",Din ce material sunt construite jocurile problema de desfacere?,"{'text': ['din sârmă (metal) sau sfoară, eventual combinate cu elemente din lemn sau sticlă.', 'Majoritatea sunt construite din sârmă (metal) sau sfoară'], 'answer_start': [177, 149]}"
116,DG41R2852,"Refracția este schimbarea direcției de propagare a unei unde din cauza schimbării vitezei de propagare, la interfața dintre două medii sau la gradientul local al proprietăților mediului în care se propagă. Cel mai ușor de observat exemplu este în cazul luminii, atunci când aceasta trece dintr-un mediu transparent (aer, apă, sticlă etc.) în altul. Totuși fenomenul se petrece cu toate undele, inclusiv cu cele sonore.",Ce este refractia?,"{'text': ['este schimbarea direcției de propagare a unei unde din cauza schimbării vitezei de propagare, la interfața dintre două medii sau la gradientul local al proprietăților mediului în care se propagă.', 'Refracția este schimbarea direcției de propagare a unei unde din cauza schimbării vitezei de propagare, la interfața dintre două medii sau la gradientul local al proprietăților mediului în care se propagă'], 'answer_start': [10, 0]}"
117,LX20Q6346,"iPhone este un telefon mobil de tip smartphone. A fost anunțat de către Steve Jobs, fost CEO al companiei americane Apple, Inc., în timpul discursului său de la Macworld Conference & Expo de la 9 ianuarie 2007.[3][4] iPhone are suport pentru push e-mail, telefonie mobilă GSM, SMS, navigare web. În plus este dotat cu un ecran de tip touchscreen (tactil) , include funcțiile găsite și la playerele media de tip iPod și rulează o variantă a sistemului de operare Mac OS X, numită actualmente iOS..",Ce este iOS?,"{'text': ['o variantă a sistemului de operare Mac OS X, numită actualmente iOS.', 'iOS'], 'answer_start': [427, 491]}"
118,QR46O6822,"Compania a creat un concept de parc de distracții denumit „Legoland”, cu mai multe locații în orașe din întreaga lume, printre care Gunsburg din Germania. Primul personaj Lego a fost un polițist din anii „90”. Cu ajutorul jucăriilor LEGO putem construi diverse lucruri. Compania de jucării de construcții din piese de plastic LEGO a fost creată de Ole Kirk Christiansen în satul său natal Billund, Danemarca.",Unde a luat nastere conceptul Lego?,"{'text': ['Compania de jucării de construcții din piese de plastic LEGO a fost creată de Ole Kirk Christiansen în satul său natal Billund, Danemarca.', 'Danemarca'], 'answer_start': [270, 398]}"
119,IC37Q9049,"Mercurul se solidifică (îngheață) la −38,9 °C, deci poate fi folosit numai la temperaturi mai ridicate decât aceasta. Spre deosebire de apă, mercurul nu își mărește volumul la solidificare, deci nu va sparge tubul de sticlă. Din același motiv este greu de determinat momentul solidificării. Dacă termometrul conține azot, gazul poate să curgă în josul coloanei și să fie capturat în interiorul acesteia la creșterea temperaturii.",Cum este impiedicata spargerea tubului de sticla?,"{'text': ['Spre deosebire de apă, mercurul nu își mărește volumul la solidificare, deci nu va sparge tubul de sticlă. Din același motiv este greu de determinat momentul solidificării.', 'Spre deosebire de apă, mercurul nu își mărește volumul la solidificare, deci nu va sparge tubul de sticlă'], 'answer_start': [118, 118]}"
120,NN75A5770,"Ampermetrul este un aparat de măsurare a intensității curentului electric ce trece printr-un conductor sau un circuit electric.Există ampermetre folosite pentru curent continuu (c.c.) și ampermetre pentru curent alternativ (c.a.). Unitatea de măsură pentru intensitatea curentului electric este, în SI Amperul. Pentru a măsura curentul ce trece printr-un element (componentă) de circuit, ampermetrul se montează în serie cu acesta.",Care este unitatea de masura pentru intensitatea curentului electric?,"{'text': ['Amperul', 'Unitatea de măsură pentru intensitatea curentului electric'], 'answer_start': [302, 231]}"
121,VZ63C6367,"Tirul sportiv este un sport individual care constă în tragerea cu cea mai mare precizie la țintă fixă sau țintă în mișcare, folosind diferite arme de foc și din diferite poziții. S-a practicat de sute de ani în Occident.[1] Primele cluburi de tir sportiv au fost înființate în secolul al XIX-lea, Societatea elvețiană a carabinierilor fiind fondată în 1824.A fost inclus ca sport olimpic cu probe pentru bărbați la prima ediție a Jocurilor moderne, la Atena, în 1896.",Cum se poate defini tirul sportiv?,"{'text': ['este un sport individual care constă în tragerea cu cea mai mare precizie la țintă fixă sau țintă în mișcare, folosind diferite arme de foc și din diferite poziții.', 'Tirul sportiv este un sport individual care constă în tragerea cu cea mai mare precizie la țintă fixă sau țintă în mișcare, folosind diferite arme de foc și din diferite poziții'], 'answer_start': [14, 0]}"
122,OJ89R3587,"Hidrantul de incendiu exterior este un dispozitiv fix cu robinet (vană) aflat în exteriorul clădirilor și racordat la conductele de distribuție a apei sub presiune, care permite alimentarea autospecialelor de pompieri în caz de incendiu, precum și stropirea străzilor sau grădinilor.În general, incintele civile și industriale sunt prevăzute cu hidranți exteriori, excepție făcând unele clădiri cu pericol redus la incendiu, care au dimensiuni și capacități mici.",Cum se poate descrie hidrantul de incendiu exterior?,"{'text': ['este un dispozitiv fix cu robinet (vană) aflat în exteriorul clădirilor și racordat la conductele de distribuție a apei sub presiune', 'Hidrantul de incendiu exterior este un dispozitiv fix cu robinet (vană) aflat în exteriorul clădirilor și racordat la conductele de distribuție a apei sub presiune'], 'answer_start': [31, 0]}"
123,MM83D3126,"Bateriile alcaline sunt un tip de baterii a căror sursă de energie electrică este dependentă de reacția chimică dintre zincul metalic și dioxidul de mangan.Tensiunea electrică nominală a unei baterii alcaline noi fabricate are standardul stabilit de 1,5 V. Totuși, tensiunea poate varia de la 1,5 la 1,65 V în funcție de puritatea dioxidului de mangan utilizat la fabricarea bateriei sau de conținutul de oxid de zinc din electrolit. Bateria descărcată poate prezenta o tensiune de 0,8 până la 1 V.",Ce tensiune alectrica are o baterie alcalina?,"{'text': ['are standardul stabilit de 1,5 V.', 'Tensiunea electrică nominală a unei baterii alcaline'], 'answer_start': [223, 156]}"
124,AK87T2618,"O cazma este o unealtă alcătuită dintr-o lamă metalică tăietoare, fixată la o coadă de lemn; este utilizată la săpatul pământului sau pentru a scoate pământ din gropi și pentru răspândirea și nivelarea solului. Este denumită hârleț în unele zone ale României.[1] Regional (în Transilvania), este folosită și forma hârșeu. În graiul crișean, există forma harșeu",Din ce este alcatuita o cazma?,"{'text': ['este o unealtă alcătuită dintr-o lamă metalică tăietoare, fixată la o coadă de lemn', 'O cazma este o unealtă alcătuită dintr-o lamă metalică tăietoare'], 'answer_start': [8, 0]}"
125,NI34L3971,Mecanismul bielă-manivelă transformă mișcarea de rotație în mișcare de translație (mișcare liniară) și/sau invers (viceversa). Cel mai răspândit mecanism de acest gen se întâlnește în motoarele cu ardere internă. În acest caz mișcarea de translație liniară a pistonului este transferată către bielă și se convertește în mișcare circulară a arborelui cotit.,Cum actioneaza mecanismul biela-manivela?,"{'text': ['transformă mișcarea de rotație în mișcare de translație (mișcare liniară) și/sau invers (viceversa).', 'Mecanismul bielă-manivelă transformă mișcarea de rotație în mișcare de translație (mișcare liniară) și/sau invers'], 'answer_start': [26, 0]}"
126,WT34M1228,"Micrometrul este un instrument pentru măsurarea lungimilor mici, de ordinul micronilor, al cărui principiu de funcționare se bazează pe transformarea mișcării de rotație a unui șurub micrometric în mișcare de translație. Este un instrument de mare precizie.Constructiv, un micrometru este alcătuit dintr-un ansamblu filetant potcoavă – nicovală fixă. Funcțional, micrometrul transformă mișcarea de rotație a unui filet sau a unui șurub micrometric într-o mișcare liniară a unui suport numit tija micrometrului.",Ce este un micrometru?,"{'text': ['este un instrument pentru măsurarea lungimilor mici, de ordinul micronilor, al cărui principiu de funcționare se bazează pe transformarea mișcării de rotație a unui șurub micrometric în mișcare de translație.', 'Micrometrul este un instrument pentru măsurarea lungimilor mici, de ordinul micronilor'], 'answer_start': [12, 0]}"
127,TZ74Y9790,"Un moped (sau: ciclomotor) este un vehicul cu două, trei sau patru roți, a cărui viteză maximă prin construcție nu depășește 45 km/h și care este echipat cu un motor cu ardere internă, cu aprindere prin scânteie, cu o capacitate cilindrică ce nu depășește 50 cm³ sau cu un alt motor cu ardere internă ori, după caz, electric, a cărui putere nominală este de cel mult 4 kW.",Cu ce viteza maxima poate rula un moped?,"{'text': ['nu depășește 45 km/h', '45 km/h'], 'answer_start': [112, 125]}"
128,HQ25E7925,"Windows 10 are multe opțiuni pentru utilizatori. Aceștia pot folosi meniul Start similar celui prezent în Windows 7 sau în full screen, precum în Windows 8/8.1. Utilizatorii pot personaliza bara de activități cu diferite culori, pot instala aplicații din Microsoft Store și pot încerca browserul Microsoft Edge.Instalarea pe un dispozitiv durează între 15 minute și o oră, această durată depinzând de performanța dispozitivului respectiv.
",Cum poate fi personalizata bara de activitatii utilizand sistemul de operare Windows 10?,"{'text': ['cu diferite culori, pot instala aplicații din Microsoft Store și pot încerca browserul Microsoft Edge.', 'Utilizatorii pot personaliza bara de activități cu diferite culori'], 'answer_start': [209, 161]}"
129,RU46Z4095,"Conform datelor din luna iulie a anului 2013, Firefox avea între 16 și 21% utilizatori la nivel mondial, fiind al treilea cel mai popular browser.[11][12][13][14] Statisticile Mozilla arată că Firefox este folosit de peste 450 de milioane de persoane.[15] Browserul se bucură de succes în Indonezia, Germania și Polonia, unde este cel mai utilizat browser, având o cotă de piață de 57%,[16] 45%,[17] respectiv 44%.",In ce tari se bucura de o popularitate crescuta navigatorul web Firefox?,"{'text': ['Browserul se bucură de succes în Indonezia, Germania și Polonia, unde este cel mai utilizat browser', 'Indonezia, Germania și Polonia'], 'answer_start': [256, 289]}"
130,VF12G5164,"Conform datelor din luna iulie a anului 2013, Firefox avea între 16 și 21% utilizatori la nivel mondial, fiind al treilea cel mai popular browser.[11][12][13][14] Statisticile Mozilla arată că Firefox este folosit de peste 450 de milioane de persoane.[15] Browserul se bucură de succes în Indonezia, Germania și Polonia, unde este cel mai utilizat browser, având o cotă de piață de 57%,[16] 45%,[17] respectiv 44%.",Ce indica staticile efectuate la jumatatea anului 2013?,"{'text': ['Conform datelor din luna iulie a anului 2013, Firefox avea între 16 și 21% utilizatori la nivel mondial, fiind al treilea cel mai popular browser.[11][12][13][14] Statisticile Mozilla arată că Firefox este folosit de peste 450 de milioane de persoane.', 'Conform datelor din luna iulie a anului 2013, Firefox avea între 16 și 21% utilizatori la nivel mondial'], 'answer_start': [0, 0]}"
131,UC51W6516,"Modulele electronice lucrează după principiul „IPO”, (în engleză Input-Process-Output, „introducere-prelucrare-debitare”). Pentru înregistrarea valoriilor sunt disponibili senzorii care stabilesc o caracteristică fizică, cum ar fi viteza, presiunea, temperatura, etc. Această valoare este comparată sau calculată cu o valoare memorată în ECU.",In ce consta principiul IPO in baza caruia functioneaza modulele electronice?,"{'text': ['(în engleză Input-Process-Output, „introducere-prelucrare-debitare”', 'Input-Process-Output'], 'answer_start': [53, 65]}"
132,RM65M3163,"Termenul este uneori folosit sinonim cu firmware. Spre deosebire de aplicația software, software-ul încorporat are cerințe și capabilități hardware fixe, iar adăugarea de hardware sau software de la o parte terță este strict controlată.O caracteristică importantă este aceea că nu toate funcțiile software-ului încorporat sunt sau nu sunt inițiate/controlate prin intermediul unei interfețe umane, ci prin interfețele dispozitivelor.",Prin ce se deosebeste software-ul incorporat de o aplicatie software?,"{'text': ['Spre deosebire de aplicația software, software-ul încorporat are cerințe și capabilități hardware fixe, iar adăugarea de hardware sau software de la o parte terță este strict controlată.', 'Spre deosebire de aplicația software, software-ul încorporat are cerințe și capabilități hardware fixe'], 'answer_start': [50, 50]}"
133,SI15E4020,"Spre deosebire de un sistem de operare desktop, sistemul de operare încorporat nu încarcă și execută aplicații, ci execută o singură aplicație pentru care a fost proiectat. Sistemele multitasking (cazul sistemelor de operare pentru PDA) oferă în schimb multe dintre fuctionalitățile sistemelor de operare pentru calculatoarele personale.",Prin ce se deosesbeste un software inglobat de un sistem de operare desktop?,"{'text': ['Spre deosebire de un sistem de operare desktop, sistemul de operare încorporat nu încarcă și execută aplicații, ci execută o singură aplicație pentru care a fost proiectat.', 'Spre deosebire de un sistem de operare desktop, sistemul de operare încorporat nu încarcă și execută aplicații'], 'answer_start': [0, 0]}"
134,IU13B9586,"Porturile seriale pot utiliza două tipuri de conectori: conectorul DB-25 și conectorul DB-9. Conectorul DB-25 cu 25 de pini a fost utilizat la calculatoarele din generațiile anterioare. La calculatoarele mai noi pentru a se reduce spațiul ocupat de conector, a fost înlocuit cu un conector de dimensiuni mai reduse, conectorul cu 9 pini DB-9.",Cate tipuri de conectori utilizeaza porturile seriale?,"{'text': ['Porturile seriale pot utiliza două tipuri de conectori: conectorul DB-25 și conectorul DB-9.', 'Porturile seriale pot utiliza două tipuri de conectori'], 'answer_start': [0, 0]}"
135,UG24K2793,"În ISDN există două tipuri de canale: B (de la ""Bearer"") și D (de la ""Delta""). Canalele B sunt folosite pentru transmisiile de date (pot include și voce). Canalele D sunt folosite pentru semnalizare și control (dar nu este exclus să fie folosite și pentru date).",Cate tipuri de canale exista in protocolul ISDN?,"{'text': ['În ISDN există două tipuri de canale: B (de la ""Bearer"") și D (de la ""Delta"").', 'În ISDN există două tipuri de canale'], 'answer_start': [0, 0]}"
136,VT81A9157,"Printre avantajele publicității online se numără țintirea (targetarea) mai bună (ore, zone geografice, număr de afișări pe uitilizator) a clientelei dorite, posibilitatea de a oferi informații mai multe (prin bannere expandabile sau prin atragerea vizitatorului interesat către o pagină web cu mai multe informații) și posibilitatea de a interacționa dinamic cu potențialul client. Cele mai vestite platforme de publicitate online sunt Google AdWords și Microsoft AdCenter (Bing Ads).",Care sunt cele mai renumite platforme de publicitate online?,"{'text': ['Cele mai vestite platforme de publicitate online sunt Google AdWords și Microsoft AdCenter (Bing Ads).', 'Cele mai vestite platforme de publicitate online sunt Google AdWords și Microsoft AdCenter'], 'answer_start': [382, 382]}"
137,ZZ44K5561,"Sistemul Electronic de Plăți (SEP) din România este un sistem a cărui componente sunt ReGIS (sistemul cu decontare pe bază brută în timp real), SENT (casa de compensare automată) și SaFIR (sistemul de depozitare și decontare a operațiunilor cu titluri de stat)[1]. ReGIS este administrat de Banca Națională a României (BNR) și a devenit operațională din 8 aprilie 2005, SENT este administrat de Transfond și e operațional din 13 mai 2005, iar SaFIR e administrat de BNR și e operațional din 3 octombrie 2005",Cine administreaza componente SENT a Sistemului Elecetronic de Plati din Romania?,"{'text': ['SENT este administrat de Transfond', 'Transfond'], 'answer_start': [370, 395]}"
138,IG21L5853,Oglinzile parabolice sunt construite cu două grade de libertate putând urmări poziția soarelui pe cer. Ele sunt montate pe un stativ și concentrează razele solare într-un punct focal propriu fiecărei oglinzi unde este montat un receptor de energie termică. Acest mod de construcție este foarte compact. Oglinzile sunt fabricate cu un diametru cuprins între 3 și 25m rezulând o putere instalată de până la 50 kW pe modul. La instalațiile de acest tip receptorul este conectat la un motor Stirling care transformă energia termică direct în emergie mecanică putând acționa un generator electric. Aceste instalații ating un randament înalt în transformarea energiei solare în energie electrică (peste 30%). Modularitatea acestor instalații permite atât utilizarea lor în locuri izolate sau independente cât și conectarea mai multora formând o centrală virtuală în cadrul generării distribuite a energiei electrice. O soluție mai rară o constituie parcurile(fermele) de oglinzi parabolice. În punctual focal comun tuturor oglinzilor se află o suprafață absorbantă cu ajutorul căreia este încălzit un agent termic utilizat în continuare pentru generare de aburi. Conectarea în grup a mai multor oglinzi parabolice constituie o abordare mai puțin economică decât centralele cu jgheaburi parabolice sau cele cu turn solar.,Cum sunt construite oglinzile parabolice?,"{'text': ['Cu două grade de libertate putând urmări poziția soarelui pe cer.', 'Oglinzile parabolice sunt construite cu două grade de libertate putând urmări poziția soarelui pe cer'], 'answer_start': [37, 0]}"
139,MN91Y4753,"Telefon mobil Samsung Galaxy Note 20 Ultra, Dual SIM, 512GB, 12GB RAM, 5G, Mystic Bronze  Acesta este Galaxy Note20 Ultra. Primul care a imbinat un instrument de scris cu un telefon, Note ti-a pus o lume cu totul noua in buzunar. Pe masura ce ne confruntam cu o noua normalitate, viata cere un nou tip de dispozitiv. Noul Galaxy Note nu este un smartphone obisnuit, ci o suita de calculatoare in buzunarul tau. Acesta este nivelul urmator al jocurilor pe mobil. Aceasta este o camera de nivel profesional.","Ce este Telefon mobil Samsung Galaxy Note 20 Ultra, Dual SIM, 512GB, 12GB RAM, 5G, Mystic Bronze?","{'text': ['Este Galaxy Note20 Ultra', 'Galaxy Note20 Ultra'], 'answer_start': [97, 102]}"
140,PL63P6481,"Telefon mobil Samsung Galaxy A51, Dual SIM, 128GB, 4GB RAM, 4G, Prism Blue  Vezi intreaga priveliste cu Infinity-O Display. Optimizeaza simetria vizuala cu afisajul Infinity-O al Galaxy A51. Acum te poti juca, viziona, naviga si efectua mai multe activitati in acelasi timp, fara intrerupere, pe un ecran larg de 6,5"" FHD+, totul alimentat de tehnologia Super AMOLED. Bucura-te de o experienta extinsa pe un spatiu de ecran maximizat.  ",Cu ce vezi intreaga priveliste la Telefon mobil Samsung Galaxy A51?,"{'text': ['cu Infinity-O Display', 'Vezi intreaga priveliste cu Infinity-O Display'], 'answer_start': [101, 76]}"
141,MC60I1345,"Telefon mobil Xiaom Redmi Note 9 Pro, Dual SIM, 128GB, 6GB RAM, 4G, Interstellar Grey  Procesor Qualcomm Snapdragon 720G  Camera Quad cu detalii briliante Camera principala de 64MP surprinde clar momentele preferate, iar lentilele cu unghi larg, lentila macro si senzorul de adancime va vor asigura ca veti obtine cele mai bune rezultate, indiferent de scena pe care doriti sa o pozati.  Mod de noapte  Camera principala de 64 MPRedmi Note 9 Pro va ajuta sa surprindeti toate acele momente pretioase.",Ce procesor are Telefon mobil Xiaom Redmi Note 9 Pro?,"{'text': ['Procesor Qualcomm Snapdragon 720G', 'Qualcomm Snapdragon 720G'], 'answer_start': [87, 96]}"
142,VB31J3011,"Telefon mobil Apple iPhone 11, 128GB, Black  Doza perfecta de orice Sistem nou cu doua camere. Baterie pentru toata ziua. Cea mai rezistenta sticla folosita  vreodata intr-un smartphone. Cel mai rapid procesor Apple din toate timpurile. Design - Pentru o zi minunata Sase noi culori superbe. Ecran pe tot afisajul LCD Liquid Retina de 6.1 inchi. Rezistenta la apa pentru adancimi de pana la 2 metri timp de 30 de minute.",Cum este procesorul Apple al Telefonului mobil Apple iPhone 11?,"{'text': ['Cel mai rapid procesor Apple din toate timpurile.', 'Cel mai rapid procesor Apple'], 'answer_start': [187, 187]}"
143,TQ54N1353,"Telefon mobil Xiaomi Redmi Note 8 Pro, Dual SIM, 128GB, 6GB RAM, 4G, Forest Green  Ofera fotografii de inalta rezolutie Camera de inalta rezolutie 64MP. Suporta inregistrare video 4K, inregistrare video 960fps in slow motion. Rezolutie fotografie de pana la 8K. Captureaza detaliile cu lentilele macro Obiectiv macro de aproape 2 cm.  1.3 times wider visionUnghi larg de 120 ° care corecteaza distorsiunea. ",Ce rezolutie fotografie are Camera de inalta rezolutie?,"{'text': ['de pana la 8K', '8K'], 'answer_start': [247, 258]}"
144,AX12T8818,"Telefon mobil Samsung Galaxy M21, Dual SIM, 64GB, 4G, Black Infinity-U Display dispune de mai mult ecran pentru mai multa placere Ecranul extensiv de 6.4 inci Infinity-U de la Galaxy M21 iti permite sa vezi mai mult din ceea ce-ti place. Tehnologia Super AMOLED FHD + ofera detalii vibrante pentru o experienta de vizionare cuprinzatoare, indiferent daca vizionezi filme, joci jocurile tale favorite sau faci multi-tasking. Corpul eficient al Galaxy M21 este creat pentru a se potrivi confortabil in mana ta.",Ce ofera Tehnologia Super AMOLED FHD +  ?,"{'text': ['detalii vibrante', 'Tehnologia Super AMOLED FHD + ofera detalii vibrante pentru o experienta de vizionare cuprinzatoare'], 'answer_start': [274, 238]}"
145,IE61M2335,"Telefon mobil Samsung Galaxy A51, Dual SIM, 128GB, 4GB RAM, 4G, Prism Silver  Vezi intreaga priveliste cu Infinity-O DisplayOptimizeaza simetria vizuala cu afisajul Infinity-O al Galaxy A51. Acum te poti juca, viziona, naviga si efectua mai multe activitati in acelasi timp, fara intrerupere, pe un ecran larg de 6,5"" FHD+, totul alimentat de tehnologia Super AMOLED. Bucura-te de o experienta extinsa pe un spatiu de ecran maximizat.  ",Cu ce Vezi intreaga priveliste,"{'text': ['cu Infinity-O Display', 'Vezi intreaga priveliste cu Infinity-O Display'], 'answer_start': [103, 78]}"
146,YT55C9684,"Telefon mobil Samsung Galaxy S20 Ultra, Dual SIM, 128GB, 12GB RAM, 5G, Cosmic Black  Telefonul care va revolutiona fotografia Descopera Galaxy S20, S20+ si S20 Ultra. Cu video 8K schimba modul in care faci atat inregistrari video, cat si fotografiile— si 5G care revolutioneaza distribuirea continutului. Daca adaugi securitatea Samsung Knox, bateria inteligenta, procesorul puternic si spatiul masiv de stocare — dispozitivele din seria Galaxy S20 iti dezvaluie o noua era a telefoniei mobile.","Cine schimba modul in care faci atat inregistrari video, cat si fotografiile?","{'text': ['video 8K', 'Samsung'], 'answer_start': [170, 14]}"
147,CC24Z7013,"Telefon mobil Samsung Galaxy S20 Ultra, Dual SIM, 128GB, 12GB RAM, 5G, Cosmic Black  Telefonul care va revolutiona fotografia Descopera Galaxy S20, S20+ si S20 Ultra. Cu video 8K schimba modul in care faci atat inregistrari video, cat si fotografiile— si 5G care revolutioneaza distribuirea continutului. Daca adaugi securitatea Samsung Knox, bateria inteligenta, procesorul puternic si spatiul masiv de stocare — dispozitivele din seria Galaxy S20 iti dezvaluie o noua era a telefoniei mobile.",Cine revolutioneaza distribuirea continutului?,"{'text': ['5G ', 'Samsung Knox'], 'answer_start': [255, 329]}"
148,XJ33E7599,"Telefon mobil Samsung Galaxy A51, Dual SIM, 128GB, 4GB RAM, 4G, Prism White  Vezi intreaga priveliste cu Infinity-O Display Optimizeaza simetria vizuala cu afisajul Infinity-O al Galaxy A51. Acum te poti juca, viziona, naviga si efectua mai multe activitati in acelasi timp, fara intrerupere, pe un ecran larg de 6,5"" FHD+, totul alimentat de tehnologia Super AMOLED. Bucura-te de o experienta extinsa pe un spatiu de ecran maximizat. ",Cu ce Optimizeaza simetria vizuala?,"{'text': ['cu afisajul Infinity-O al Galaxy A51', 'Optimizeaza simetria vizuala cu afisajul Infinity-O al Galaxy A51'], 'answer_start': [153, 124]}"
149,DF35E1850,"Telefon mobil Huawei Mate XS, Dual SIM, 512GB, 8GB RAM, 5G, Interstellar Blue  Smartphone-urile P40 Pro, P40, P40 lite, P40 lite E, Mate30 Pro, MateXS sunt echipate cu Huawei Mobile Services si AppGallery ca magazin oficial de aplicatii. Acestea folosesc in continuare Android ca sistem de operare si EMUI 10 dar nu sunt livrate cu PlayStore sau alte aplicatii Google preinstalate. Ecosistemul Huawei este in continua crestere de la o saptamana la alta.",Cine sunt echipate cu Huawei Mobile Services si AppGallery ?,"{'text': ['Smartphone-urile P40 Pro, P40, P40 lite, P40 lite E, Mate30 Pro, MateXS', 'Smartphone-urile P40 Pro, P40, P40 lite, P40 lite E, Mate30 Pro, MateXS sunt echipate cu Huawei Mobile Services si AppGallery'], 'answer_start': [79, 79]}"
150,HG94Y7577,"Telefon mobil Xiaomi Redmi Note 9, Dual SIM, 128GB, 4G, Midnight Grey  Procesor puternic, performante imbunatatite Redmi Note 9 este echipat cu un procesor octa-core de inalta performanta, cu o frecventa de maxim 2.0GHz, o frecventa GPU de 1000MHz, pentru performante imbunatatite pentru a va oferi o experienta de joc perfecta.  Materie masiva, putere de lunga durataCu o baterie de 5020 mAh, va puteti bucura de o putere care dureaza. Asociat cu incarcarea rapida de 18W, puteti alimenta dispozitivul in cel mai scurt timp.",Cu ce este echipat Redmi Note 9?,"{'text': ['cu un procesor octa-core de inalta performanta', 'Redmi Note 9 este echipat cu un procesor octa-core'], 'answer_start': [141, 115]}"
151,GT51C7526,"Telefon mobil Samsung Galaxy S10, Dual SIM, 128GB, 8GB RAM, 4G, Prism Blue  Afisajul eye comfort poate ajusta luminozitatea, pentru o vizualizare mai buna. Dynamic AMOLED reduce lumina albastra deranjanta cu 42%, fara a schimba culoarea elementelor de pe ecran. Poti sa vezi filme sau sa te joci pana noaptea tarziu fara a te deranja la ochi, pentru a avea apoi un somn linistitor.  Nu trebuie decat sa atingi ecranul pentru a-l debloca. ",Cu cat reduce Dynamic AMOLED lumina albastra deranjanta?,"{'text': ['cu 42%', '42%'], 'answer_start': [205, 208]}"
152,MK78P1081,"Telefon mobil Samsung Galaxy Note 20 Ultra, Dual SIM, 256GB, 12GB RAM, 5G, Mystic Bronze. Fiecare Galaxy Note20 Ultra este completat de un S Pen asortat la culoarea telefonului. Doua dimensiuni, astfel incat sa poti alege un ecran mare sau chiar mai mare Ambele modele sunt concepute pentru un nivel de sofisticare care devine incredibil de confortabil in mana ta. Alege ecranul de 6.7” pe Galaxy Note20 sau ecranul de 6.9” pe Galaxy Note20 Ultra. Oricare dimensiune iti ofera un spatiu larg pentru lucru si un ecran masiv pentru joc.",Cu ce este completat Fiecare Galaxy Note20 Ultra?,"{'text': ['de un S Pen', 'Fiecare Galaxy Note20 Ultra este completat de un S Pen'], 'answer_start': [133, 90]}"
153,ZU94U1792,"Telefon mobil Samsung Galaxy S20 Ultra, Dual SIM, 128GB, 12GB RAM, 5G, Cloud White Rezolutia de 108 MP iti permite sa apropii imaginea oricat ai nevoie.  Mult mai performant decat modele din categoria cu 12 megapixeli, Galaxy S20 Ultra iti ofera milioane de pixeli in plus in fiecare fotografie. Ceea ce inseamna ca, pentru prima oara, poti apropia imaginile pentru a vedea detalii pe care nu le-ai observat pana acum. Mareste imaginea de 100 de ori pentru a observa cadre pe care nici nu le-ai observat pana acum.  ",Care este Rezolutia care  iti permite sa apropii imaginea oricat ai nevoie?,"{'text': ['108 MP', 'Rezolutia de 108 MP'], 'answer_start': [96, 83]}"
